rm: cannot remove '/tmp/FORGE/package-slacker/install/doinst.sh': Permission denied
rm: cannot remove '/tmp/FORGE/package-slacker/install/slack-desc': Permission denied
rm: cannot remove '/tmp/FORGE/package-slacker/usr/local/sbin/slacker': Permission denied
rm: cannot remove '/tmp/FORGE/package-slacker/usr/doc/slacker-0.10.2/NEWS': Permission denied
rm: cannot remove '/tmp/FORGE/package-slacker/usr/doc/slacker-0.10.2/examples/blacklist': Permission denied
rm: cannot remove '/tmp/FORGE/package-slacker/usr/doc/slacker-0.10.2/examples/mirrors': Permission denied
rm: cannot remove '/tmp/FORGE/package-slacker/usr/doc/slacker-0.10.2/examples/slacker.conf': Permission denied
rm: cannot remove '/tmp/FORGE/package-slacker/usr/doc/slacker-0.10.2/examples/distro-upgrade.conf': Permission denied
rm: cannot remove '/tmp/FORGE/package-slacker/usr/doc/slacker-0.10.2/examples/repos': Permission denied
rm: cannot remove '/tmp/FORGE/package-slacker/usr/doc/slacker-0.10.2/README.md': Permission denied
rm: cannot remove '/tmp/FORGE/package-slacker/usr/doc/slacker-0.10.2/slacker.SlackBuild': Permission denied
rm: cannot remove '/tmp/FORGE/package-slacker/usr/man/man8/slacker.8.gz': Permission denied
rm: cannot remove '/tmp/FORGE/package-slacker/etc/slacker/repos.new': Permission denied
rm: cannot remove '/tmp/FORGE/package-slacker/etc/slacker/credentials.d': Permission denied
rm: cannot remove '/tmp/FORGE/package-slacker/etc/slacker/slacker.conf.new': Permission denied
rm: cannot remove '/tmp/FORGE/package-slacker/etc/slacker/credentials.cat.new': Permission denied
rm: cannot remove '/tmp/FORGE/package-slacker/etc/slacker/templates': Permission denied
rm: cannot remove '/tmp/FORGE/package-slacker/etc/slacker/distro-upgrade.conf.new': Permission denied
rm: cannot remove '/tmp/FORGE/package-slacker/etc/slacker/mirrors.new': Permission denied
rm: cannot remove '/tmp/FORGE/package-slacker/etc/slacker/blacklist.new': Permission denied
rm: cannot remove '/tmp/FORGE/doinst.sh': Permission denied
rm: cannot remove '/tmp/FORGE/DEV/slacker_logo.nfo': Permission denied
rm: cannot remove '/tmp/FORGE/DEV/README.credentials': Permission denied
rm: cannot remove '/tmp/FORGE/DEV/bump-version.sh': Permission denied
rm: cannot remove '/tmp/FORGE/DEV/4F/msrv': Permission denied
rm: cannot remove '/tmp/FORGE/DEV/4F/CODE_MAP.txt': Permission denied
rm: cannot remove '/tmp/FORGE/DEV/4F/README.txt': Permission denied
rm: cannot remove '/tmp/FORGE/DEV/4F/structure.md': Permission denied
rm: cannot remove '/tmp/FORGE/DEV/local_tools/Cargo.lock.txt': Permission denied
rm: cannot remove '/tmp/FORGE/DEV/local_tools/fix_AI_wiki.txt': Permission denied
rm: cannot remove '/tmp/FORGE/DEV/local_tools/notify.txt': Permission denied
rm: cannot remove '/tmp/FORGE/DEV/local_tools/BUILD': Permission denied
rm: cannot remove '/tmp/FORGE/DEV/local_tools/pm-comparison-v2.md': Permission denied
rm: cannot remove '/tmp/FORGE/DEV/local_tools/pm-comparison.md': Permission denied
rm: cannot remove '/tmp/FORGE/DEV/local_tools/BARE_METAL_TESTS-after0.7.1.md': Permission denied
rm: cannot remove '/tmp/FORGE/DEV/local_tools/BUILD-FREEZE.md': Permission denied
rm: cannot remove '/tmp/FORGE/DEV/local_tools/BUILD-FREEZE.en.md': Permission denied
rm: cannot remove '/tmp/FORGE/DEV/slacker_logo1.py': Permission denied
rm: cannot remove '/tmp/FORGE/DEV/bakups/N2Current/container.zip': Permission denied
rm: cannot remove '/tmp/FORGE/DEV/bakups/N2Current/glibc-2.33-binary/slacker': Permission denied
rm: cannot remove '/tmp/FORGE/DEV/bakups/slacker-logo.png': Permission denied
rm: cannot remove '/tmp/FORGE/DEV/slacker_logo.py': Permission denied
rm: cannot remove '/tmp/FORGE/pm-comparison-final.md': Permission denied
rm: cannot remove '/tmp/FORGE/slack-desc': Permission denied
rm: cannot remove '/tmp/FORGE/package-slacker/install/doinst.sh': Permission denied
rm: cannot remove '/tmp/FORGE/package-slacker/install/slack-desc': Permission denied
rm: cannot remove '/tmp/FORGE/package-slacker/usr/local/sbin/slacker': Permission denied
rm: cannot remove '/tmp/FORGE/package-slacker/usr/doc/slacker-0.10.2/NEWS': Permission denied
rm: cannot remove '/tmp/FORGE/package-slacker/usr/doc/slacker-0.10.2/examples/blacklist': Permission denied
rm: cannot remove '/tmp/FORGE/package-slacker/usr/doc/slacker-0.10.2/examples/mirrors': Permission denied
rm: cannot remove '/tmp/FORGE/package-slacker/usr/doc/slacker-0.10.2/examples/slacker.conf': Permission denied
rm: cannot remove '/tmp/FORGE/package-slacker/usr/doc/slacker-0.10.2/examples/distro-upgrade.conf': Permission denied
rm: cannot remove '/tmp/FORGE/package-slacker/usr/doc/slacker-0.10.2/examples/repos': Permission denied
rm: cannot remove '/tmp/FORGE/package-slacker/usr/doc/slacker-0.10.2/README.md': Permission denied
rm: cannot remove '/tmp/FORGE/package-slacker/usr/doc/slacker-0.10.2/slacker.SlackBuild': Permission denied
rm: cannot remove '/tmp/FORGE/package-slacker/usr/man/man8/slacker.8.gz': Permission denied
rm: cannot remove '/tmp/FORGE/package-slacker/etc/slacker/repos.new': Permission denied
rm: cannot remove '/tmp/FORGE/package-slacker/etc/slacker/credentials.d': Permission denied
rm: cannot remove '/tmp/FORGE/package-slacker/etc/slacker/slacker.conf.new': Permission denied
rm: cannot remove '/tmp/FORGE/package-slacker/etc/slacker/credentials.cat.new': Permission denied
rm: cannot remove '/tmp/FORGE/package-slacker/etc/slacker/templates': Permission denied
rm: cannot remove '/tmp/FORGE/package-slacker/etc/slacker/distro-upgrade.conf.new': Permission denied
rm: cannot remove '/tmp/FORGE/package-slacker/etc/slacker/mirrors.new': Permission denied
rm: cannot remove '/tmp/FORGE/package-slacker/etc/slacker/blacklist.new': Permission denied
rm: cannot remove '/tmp/FORGE/TODO': Permission denied
rm: cannot remove '/tmp/FORGE/NEWS': Permission denied
rm: cannot remove '/tmp/FORGE/LICENSE': Permission denied
rm: cannot remove '/tmp/FORGE/src/banner2.rs': Permission denied
rm: cannot remove '/tmp/FORGE/src/download.rs': Permission denied
rm: cannot remove '/tmp/FORGE/src/main.rs': Permission denied
rm: cannot remove '/tmp/FORGE/src/credentials.rs': Permission denied
rm: cannot remove '/tmp/FORGE/src/dist.rs': Permission denied
rm: cannot remove '/tmp/FORGE/src/mirrors.rs': Permission denied
rm: cannot remove '/tmp/FORGE/src/history.rs': Permission denied
rm: cannot remove '/tmp/FORGE/src/config.rs': Permission denied
rm: cannot remove '/tmp/FORGE/src/template.rs': Permission denied
rm: cannot remove '/tmp/FORGE/src/changelog.rs': Permission denied
rm: cannot remove '/tmp/FORGE/src/gpg.rs': Permission denied
rm: cannot remove '/tmp/FORGE/src/banner.rs': Permission denied
rm: cannot remove '/tmp/FORGE/src/slackware.nfo': Permission denied
rm: cannot remove '/tmp/FORGE/src/pkg.rs': Permission denied
rm: cannot remove '/tmp/FORGE/src/pkgdb.rs': Permission denied
rm: cannot remove '/tmp/FORGE/src/manifest.rs': Permission denied
rm: cannot remove '/tmp/FORGE/src/revert.rs': Permission denied
rm: cannot remove '/tmp/FORGE/src/newconfig.rs': Permission denied
rm: cannot remove '/tmp/FORGE/src/repo.rs': Permission denied
rm: cannot remove '/tmp/FORGE/src/ui.rs': Permission denied
rm: cannot remove '/tmp/FORGE/src/system.rs': Permission denied
rm: cannot remove '/tmp/FORGE/target/release/.cargo-lock': Permission denied
rm: cannot remove '/tmp/FORGE/target/release/.cargo-artifact-lock': Permission denied
rm: cannot remove '/tmp/FORGE/target/release/slacker': Permission denied
rm: cannot remove '/tmp/FORGE/target/release/deps/libanstyle_query-358c33d26a6ea4ee.rlib': Permission denied
rm: cannot remove '/tmp/FORGE/target/release/deps/block_buffer-6286447467b40411.d': Permission denied
rm: cannot remove '/tmp/FORGE/target/release/deps/libis_terminal_polyfill-31a399eca4fa7b33.rlib': Permission denied
rm: cannot remove '/tmp/FORGE/target/release/deps/libsubtle-dd595bf9a1b9f40a.rmeta': Permission denied
rm: cannot remove '/tmp/FORGE/target/release/deps/smallvec-4f82b237b92c63c2.d': Permission denied
rm: cannot remove '/tmp/FORGE/target/release/deps/cfg_if-a342e367182b0015.d': Permission denied
rm: cannot remove '/tmp/FORGE/target/release/deps/libsynstructure-904a2281ff5442c4.rmeta': Permission denied
rm: cannot remove '/tmp/FORGE/target/release/deps/displaydoc-b1460c39805908a1.d': Permission denied
rm: cannot remove '/tmp/FORGE/target/release/deps/regex-79efa27f222bcd05.d': Permission denied
rm: cannot remove '/tmp/FORGE/target/release/deps/subtle-dd595bf9a1b9f40a.d': Permission denied
rm: cannot remove '/tmp/FORGE/target/release/deps/unicode_ident-232c7c59624d5348.d': Permission denied
rm: cannot remove '/tmp/FORGE/target/release/deps/liblog-e7421ecc919047b8.rmeta': Permission denied
rm: cannot remove '/tmp/FORGE/target/release/deps/libunicode_ident-232c7c59624d5348.rmeta': Permission denied
rm: cannot remove '/tmp/FORGE/target/release/deps/libcrc32fast-89f5fe55f648eaae.rlib': Permission denied
rm: cannot remove '/tmp/FORGE/target/release/deps/utf8_iter-450ebf449e486b22.d': Permission denied
rm: cannot remove '/tmp/FORGE/target/release/deps/libstrsim-687213d6b04f8917.rlib': Permission denied
rm: cannot remove '/tmp/FORGE/target/release/deps/libmd5-e203dc33ce13c83c.rmeta': Permission denied
rm: cannot remove '/tmp/FORGE/target/release/deps/regex_automata-eff5d41bc97ac7cd.d': Permission denied
rm: cannot remove '/tmp/FORGE/target/release/deps/libbase64-af14bce6dbc6388d.rmeta': Permission denied
rm: cannot remove '/tmp/FORGE/target/release/deps/liblibc-e8a8716eed928f2e.rmeta': Permission denied
rm: cannot remove '/tmp/FORGE/target/release/deps/libgeneric_array-40f2375ea21483c3.rmeta': Permission denied
rm: cannot remove '/tmp/FORGE/target/release/deps/libmemchr-f920c80c48b71723.rmeta': Permission denied
rm: cannot remove '/tmp/FORGE/target/release/deps/percent_encoding-a42dfcdaa0f5d6e0.d': Permission denied
rm: cannot remove '/tmp/FORGE/target/release/deps/librustls-6eb66d29da6cdecf.rmeta': Permission denied
rm: cannot remove '/tmp/FORGE/target/release/deps/libstrsim-687213d6b04f8917.rmeta': Permission denied
rm: cannot remove '/tmp/FORGE/target/release/deps/libsubtle-dd595bf9a1b9f40a.rlib': Permission denied
rm: cannot remove '/tmp/FORGE/target/release/deps/libcfg_if-a342e367182b0015.rmeta': Permission denied
rm: cannot remove '/tmp/FORGE/target/release/deps/libstable_deref_trait-18e6349eaa482946.rmeta': Permission denied
rm: cannot remove '/tmp/FORGE/target/release/deps/libwebpki_roots-d40ed0b12de74c23.rlib': Permission denied
rm: cannot remove '/tmp/FORGE/target/release/deps/libidna_adapter-d4bc07b5cb861bfa.rlib': Permission denied
rm: cannot remove '/tmp/FORGE/target/release/deps/libwebpki-8211b981d092643f.rmeta': Permission denied
rm: cannot remove '/tmp/FORGE/target/release/deps/libcc-fb9c1ea9f121f9c1.rmeta': Permission denied
rm: cannot remove '/tmp/FORGE/target/release/deps/libblock_buffer-6286447467b40411.rlib': Permission denied
rm: cannot remove '/tmp/FORGE/target/release/deps/url-77dd21e40be5a972.d': Permission denied
rm: cannot remove '/tmp/FORGE/target/release/deps/slacker-80eff944fae5fa76.d': Permission denied
rm: cannot remove '/tmp/FORGE/target/release/deps/zerofrom_derive-ed222961303b3f6e.d': Permission denied
rm: cannot remove '/tmp/FORGE/target/release/deps/libclap_builder-48bf0e2be2ebb490.rlib': Permission denied
rm: cannot remove '/tmp/FORGE/target/release/deps/libcfg_if-a342e367182b0015.rlib': Permission denied
rm: cannot remove '/tmp/FORGE/target/release/deps/libyoke_derive-37e000cdc296d2d3.so': Permission denied
rm: cannot remove '/tmp/FORGE/target/release/deps/libpercent_encoding-a42dfcdaa0f5d6e0.rmeta': Permission denied
rm: cannot remove '/tmp/FORGE/target/release/deps/libanstream-7665b6021387d4b3.rmeta': Permission denied
rm: cannot remove '/tmp/FORGE/target/release/deps/libform_urlencoded-065805b367d49205.rmeta': Permission denied
rm: cannot remove '/tmp/FORGE/target/release/deps/webpki_roots-d40ed0b12de74c23.d': Permission denied
rm: cannot remove '/tmp/FORGE/target/release/deps/flate2-8a047085e8166ec7.d': Permission denied
rm: cannot remove '/tmp/FORGE/target/release/deps/libidna-9980514ae8f5b75a.rmeta': Permission denied
rm: cannot remove '/tmp/FORGE/target/release/deps/zerofrom-9bb4cd69d9e3fa71.d': Permission denied
rm: cannot remove '/tmp/FORGE/target/release/deps/libpotential_utf-b0a7a136959d0ece.rmeta': Permission denied
rm: cannot remove '/tmp/FORGE/target/release/deps/libanstyle_parse-4ecc9548262b2935.rmeta': Permission denied
rm: cannot remove '/tmp/FORGE/target/release/deps/libuntrusted-8b8c7a633989712f.rmeta': Permission denied
rm: cannot remove '/tmp/FORGE/target/release/deps/libshlex-58875cf32d2b7a25.rmeta': Permission denied
rm: cannot remove '/tmp/FORGE/target/release/deps/libwebpki_roots-00f183c898cf510e.rmeta': Permission denied
rm: cannot remove '/tmp/FORGE/target/release/deps/libanstream-7665b6021387d4b3.rlib': Permission denied
rm: cannot remove '/tmp/FORGE/target/release/deps/quote-9bb1f3324f9f56a1.d': Permission denied
rm: cannot remove '/tmp/FORGE/target/release/deps/log-e7421ecc919047b8.d': Permission denied
rm: cannot remove '/tmp/FORGE/target/release/deps/libclap_lex-a2cb78086491b44c.rmeta': Permission denied
rm: cannot remove '/tmp/FORGE/target/release/deps/getrandom-1a75fc33914227d4.d': Permission denied
rm: cannot remove '/tmp/FORGE/target/release/deps/libtinystr-6b7a12ba7472b63e.rlib': Permission denied
rm: cannot remove '/tmp/FORGE/target/release/deps/miniz_oxide-0b85b91fc2752f83.d': Permission denied
rm: cannot remove '/tmp/FORGE/target/release/deps/anstyle_parse-4ecc9548262b2935.d': Permission denied
rm: cannot remove '/tmp/FORGE/target/release/deps/libcolorchoice-ec99e1d52044c081.rlib': Permission denied
rm: cannot remove '/tmp/FORGE/target/release/deps/tinystr-6b7a12ba7472b63e.d': Permission denied
rm: cannot remove '/tmp/FORGE/target/release/deps/idna_adapter-d4bc07b5cb861bfa.d': Permission denied
rm: cannot remove '/tmp/FORGE/target/release/deps/icu_normalizer-a2767fd7323317e5.d': Permission denied
rm: cannot remove '/tmp/FORGE/target/release/deps/libwebpki_roots-00f183c898cf510e.rlib': Permission denied
rm: cannot remove '/tmp/FORGE/target/release/deps/libicu_normalizer_data-86b05e4ca01a60f4.rlib': Permission denied
rm: cannot remove '/tmp/FORGE/target/release/deps/clap_lex-a2cb78086491b44c.d': Permission denied
rm: cannot remove '/tmp/FORGE/target/release/deps/stable_deref_trait-18e6349eaa482946.d': Permission denied
rm: cannot remove '/tmp/FORGE/target/release/deps/ureq-64c2c51ca196f878.d': Permission denied
rm: cannot remove '/tmp/FORGE/target/release/deps/slacker_audit_data.o': Permission denied
rm: cannot remove '/tmp/FORGE/target/release/deps/simd_adler32-c80d0f9f9e3a2bec.d': Permission denied
rm: cannot remove '/tmp/FORGE/target/release/deps/libfind_msvc_tools-aa111640acbab6fb.rmeta': Permission denied
rm: cannot remove '/tmp/FORGE/target/release/deps/libquote-9bb1f3324f9f56a1.rlib': Permission denied
rm: cannot remove '/tmp/FORGE/target/release/deps/librustls_pki_types-35b2b73c93f1359f.rmeta': Permission denied
rm: cannot remove '/tmp/FORGE/target/release/deps/syn-8f0275be5db2f2ec.d': Permission denied
rm: cannot remove '/tmp/FORGE/target/release/deps/idna-9980514ae8f5b75a.d': Permission denied
rm: cannot remove '/tmp/FORGE/target/release/deps/libmemchr-f920c80c48b71723.rlib': Permission denied
rm: cannot remove '/tmp/FORGE/target/release/deps/liblibc-e8a8716eed928f2e.rlib': Permission denied
rm: cannot remove '/tmp/FORGE/target/release/deps/libureq-64c2c51ca196f878.rmeta': Permission denied
rm: cannot remove '/tmp/FORGE/target/release/deps/libregex-79efa27f222bcd05.rlib': Permission denied
rm: cannot remove '/tmp/FORGE/target/release/deps/libdigest-b85018592b48a47a.rmeta': Permission denied
rm: cannot remove '/tmp/FORGE/target/release/deps/libquote-9bb1f3324f9f56a1.rmeta': Permission denied
rm: cannot remove '/tmp/FORGE/target/release/deps/untrusted-8b8c7a633989712f.d': Permission denied
rm: cannot remove '/tmp/FORGE/target/release/deps/libanstyle_query-358c33d26a6ea4ee.rmeta': Permission denied
rm: cannot remove '/tmp/FORGE/target/release/deps/libminiz_oxide-0b85b91fc2752f83.rlib': Permission denied
rm: cannot remove '/tmp/FORGE/target/release/deps/heck-3ccf68f271195ae4.d': Permission denied
rm: cannot remove '/tmp/FORGE/target/release/deps/shlex-58875cf32d2b7a25.d': Permission denied
rm: cannot remove '/tmp/FORGE/target/release/deps/libsmallvec-4f82b237b92c63c2.rlib': Permission denied
rm: cannot remove '/tmp/FORGE/target/release/deps/libunicode_ident-232c7c59624d5348.rlib': Permission denied
rm: cannot remove '/tmp/FORGE/target/release/deps/libdigest-b85018592b48a47a.rlib': Permission denied
rm: cannot remove '/tmp/FORGE/target/release/deps/libicu_properties_data-a7090127301dc7f7.rlib': Permission denied
rm: cannot remove '/tmp/FORGE/target/release/deps/libregex_syntax-a8e3cfaaa6024364.rlib': Permission denied
rm: cannot remove '/tmp/FORGE/target/release/deps/libring-a1155733b2d495cb.rlib': Permission denied
rm: cannot remove '/tmp/FORGE/target/release/deps/once_cell-f4b8bcf6df05bc70.d': Permission denied
rm: cannot remove '/tmp/FORGE/target/release/deps/libwriteable-a1109790a6a1c09c.rlib': Permission denied
rm: cannot remove '/tmp/FORGE/target/release/deps/libproc_macro2-755c3b5fe6031711.rmeta': Permission denied
rm: cannot remove '/tmp/FORGE/target/release/deps/libicu_normalizer-a2767fd7323317e5.rmeta': Permission denied
rm: cannot remove '/tmp/FORGE/target/release/deps/libclap-4f148d641e1521d0.rmeta': Permission denied
rm: cannot remove '/tmp/FORGE/target/release/deps/libidna-9980514ae8f5b75a.rlib': Permission denied
rm: cannot remove '/tmp/FORGE/target/release/deps/form_urlencoded-065805b367d49205.d': Permission denied
rm: cannot remove '/tmp/FORGE/target/release/deps/clap_builder-48bf0e2be2ebb490.d': Permission denied
rm: cannot remove '/tmp/FORGE/target/release/deps/litemap-2d850de42ef25969.d': Permission denied
rm: cannot remove '/tmp/FORGE/target/release/deps/libregex_automata-eff5d41bc97ac7cd.rlib': Permission denied
rm: cannot remove '/tmp/FORGE/target/release/deps/libicu_collections-7bd0ee6546c21fd9.rmeta': Permission denied
rm: cannot remove '/tmp/FORGE/target/release/deps/libonce_cell-f4b8bcf6df05bc70.rmeta': Permission denied
rm: cannot remove '/tmp/FORGE/target/release/deps/libproc_macro2-755c3b5fe6031711.rlib': Permission denied
rm: cannot remove '/tmp/FORGE/target/release/deps/yoke_derive-37e000cdc296d2d3.d': Permission denied
rm: cannot remove '/tmp/FORGE/target/release/deps/typenum-b3dffe66970909c7.d': Permission denied
rm: cannot remove '/tmp/FORGE/target/release/deps/librustls_pki_types-35b2b73c93f1359f.rlib': Permission denied
rm: cannot remove '/tmp/FORGE/target/release/deps/libzerotrie-d70a1c6dbf75a17a.rmeta': Permission denied
rm: cannot remove '/tmp/FORGE/target/release/deps/libregex_automata-eff5d41bc97ac7cd.rmeta': Permission denied
rm: cannot remove '/tmp/FORGE/target/release/deps/libicu_properties_data-a7090127301dc7f7.rmeta': Permission denied
rm: cannot remove '/tmp/FORGE/target/release/deps/libcrypto_common-e0e6c666b16d0332.rlib': Permission denied
rm: cannot remove '/tmp/FORGE/target/release/deps/libgeneric_array-40f2375ea21483c3.rlib': Permission denied
rm: cannot remove '/tmp/FORGE/target/release/deps/aho_corasick-832607d91fc76ff7.d': Permission denied
rm: cannot remove '/tmp/FORGE/target/release/deps/libcrypto_common-e0e6c666b16d0332.rmeta': Permission denied
rm: cannot remove '/tmp/FORGE/target/release/deps/icu_locale_core-5a7ca828e5b7b9b9.d': Permission denied
rm: cannot remove '/tmp/FORGE/target/release/deps/icu_properties-e3c0b458293abdf6.d': Permission denied
rm: cannot remove '/tmp/FORGE/target/release/deps/utf8parse-169a3a2baf6e61a3.d': Permission denied
rm: cannot remove '/tmp/FORGE/target/release/deps/rustls_pki_types-35b2b73c93f1359f.d': Permission denied
rm: cannot remove '/tmp/FORGE/target/release/deps/clap_derive-65ce44c115cbbb2e.d': Permission denied
rm: cannot remove '/tmp/FORGE/target/release/deps/libflate2-8a047085e8166ec7.rmeta': Permission denied
rm: cannot remove '/tmp/FORGE/target/release/deps/libwebpki_roots-d40ed0b12de74c23.rmeta': Permission denied
rm: cannot remove '/tmp/FORGE/target/release/deps/anstyle_query-358c33d26a6ea4ee.d': Permission denied
rm: cannot remove '/tmp/FORGE/target/release/deps/liblitemap-2d850de42ef25969.rlib': Permission denied
rm: cannot remove '/tmp/FORGE/target/release/deps/libureq-64c2c51ca196f878.rlib': Permission denied
rm: cannot remove '/tmp/FORGE/target/release/deps/memchr-f920c80c48b71723.d': Permission denied
rm: cannot remove '/tmp/FORGE/target/release/deps/libsimd_adler32-c80d0f9f9e3a2bec.rmeta': Permission denied
rm: cannot remove '/tmp/FORGE/target/release/deps/libidna_adapter-d4bc07b5cb861bfa.rmeta': Permission denied
rm: cannot remove '/tmp/FORGE/target/release/deps/libsmallvec-4f82b237b92c63c2.rmeta': Permission denied
rm: cannot remove '/tmp/FORGE/target/release/deps/libicu_provider-15dfc3dfa6da560f.rmeta': Permission denied
rm: cannot remove '/tmp/FORGE/target/release/deps/libutf8parse-169a3a2baf6e61a3.rmeta': Permission denied
rm: cannot remove '/tmp/FORGE/target/release/deps/anstream-7665b6021387d4b3.d': Permission denied
rm: cannot remove '/tmp/FORGE/target/release/deps/potential_utf-b0a7a136959d0ece.d': Permission denied
rm: cannot remove '/tmp/FORGE/target/release/deps/libonce_cell-f4b8bcf6df05bc70.rlib': Permission denied
rm: cannot remove '/tmp/FORGE/target/release/deps/libzeroize-51ea554013c5dedc.rmeta': Permission denied
rm: cannot remove '/tmp/FORGE/target/release/deps/libzerofrom-9bb4cd69d9e3fa71.rmeta': Permission denied
rm: cannot remove '/tmp/FORGE/target/release/deps/liblitemap-2d850de42ef25969.rmeta': Permission denied
rm: cannot remove '/tmp/FORGE/target/release/deps/libis_terminal_polyfill-31a399eca4fa7b33.rmeta': Permission denied
rm: cannot remove '/tmp/FORGE/target/release/deps/libutf8_iter-450ebf449e486b22.rlib': Permission denied
rm: cannot remove '/tmp/FORGE/target/release/deps/libclap-4f148d641e1521d0.rlib': Permission denied
rm: cannot remove '/tmp/FORGE/target/release/deps/adler2-7f8ebd9c27a69d4e.d': Permission denied
rm: cannot remove '/tmp/FORGE/target/release/deps/regex_syntax-a8e3cfaaa6024364.d': Permission denied
rm: cannot remove '/tmp/FORGE/target/release/deps/libyoke-9961d56c300c96b1.rmeta': Permission denied
rm: cannot remove '/tmp/FORGE/target/release/deps/libregex_syntax-a8e3cfaaa6024364.rmeta': Permission denied
rm: cannot remove '/tmp/FORGE/target/release/deps/version_check-56a3a7157b6d9404.d': Permission denied
rm: cannot remove '/tmp/FORGE/target/release/deps/libcc-fb9c1ea9f121f9c1.rlib': Permission denied
rm: cannot remove '/tmp/FORGE/target/release/deps/libcrc32fast-89f5fe55f648eaae.rmeta': Permission denied
rm: cannot remove '/tmp/FORGE/target/release/deps/libtypenum-b3dffe66970909c7.rmeta': Permission denied
rm: cannot remove '/tmp/FORGE/target/release/deps/libutf8_iter-450ebf449e486b22.rmeta': Permission denied
rm: cannot remove '/tmp/FORGE/target/release/deps/strsim-687213d6b04f8917.d': Permission denied
rm: cannot remove '/tmp/FORGE/target/release/deps/libpercent_encoding-a42dfcdaa0f5d6e0.rlib': Permission denied
rm: cannot remove '/tmp/FORGE/target/release/deps/slacker-80eff944fae5fa76': Permission denied
rm: cannot remove '/tmp/FORGE/target/release/deps/libicu_normalizer-a2767fd7323317e5.rlib': Permission denied
rm: cannot remove '/tmp/FORGE/target/release/deps/digest-b85018592b48a47a.d': Permission denied
rm: cannot remove '/tmp/FORGE/target/release/deps/libstable_deref_trait-18e6349eaa482946.rlib': Permission denied
rm: cannot remove '/tmp/FORGE/target/release/deps/libzerovec-4b9490f9f48a9d66.rlib': Permission denied
rm: cannot remove '/tmp/FORGE/target/release/deps/libdisplaydoc-b1460c39805908a1.so': Permission denied
rm: cannot remove '/tmp/FORGE/target/release/deps/libicu_properties-e3c0b458293abdf6.rlib': Permission denied
rm: cannot remove '/tmp/FORGE/target/release/deps/libpotential_utf-b0a7a136959d0ece.rlib': Permission denied
rm: cannot remove '/tmp/FORGE/target/release/deps/libicu_properties-e3c0b458293abdf6.rmeta': Permission denied
rm: cannot remove '/tmp/FORGE/target/release/deps/colorchoice-ec99e1d52044c081.d': Permission denied
rm: cannot remove '/tmp/FORGE/target/release/deps/libclap_builder-48bf0e2be2ebb490.rmeta': Permission denied
rm: cannot remove '/tmp/FORGE/target/release/deps/liburl-77dd21e40be5a972.rmeta': Permission denied
rm: cannot remove '/tmp/FORGE/target/release/deps/libheck-3ccf68f271195ae4.rmeta': Permission denied
rm: cannot remove '/tmp/FORGE/target/release/deps/libshlex-58875cf32d2b7a25.rlib': Permission denied
rm: cannot remove '/tmp/FORGE/target/release/deps/is_terminal_polyfill-31a399eca4fa7b33.d': Permission denied
rm: cannot remove '/tmp/FORGE/target/release/deps/libzerotrie-d70a1c6dbf75a17a.rlib': Permission denied
rm: cannot remove '/tmp/FORGE/target/release/deps/webpki_roots-00f183c898cf510e.d': Permission denied
rm: cannot remove '/tmp/FORGE/target/release/deps/libadler2-7f8ebd9c27a69d4e.rmeta': Permission denied
rm: cannot remove '/tmp/FORGE/target/release/deps/libgetrandom-1a75fc33914227d4.rlib': Permission denied
rm: cannot remove '/tmp/FORGE/target/release/deps/libsynstructure-904a2281ff5442c4.rlib': Permission denied
rm: cannot remove '/tmp/FORGE/target/release/deps/libwebpki-8211b981d092643f.rlib': Permission denied
rm: cannot remove '/tmp/FORGE/target/release/deps/libminiz_oxide-0b85b91fc2752f83.rmeta': Permission denied
rm: cannot remove '/tmp/FORGE/target/release/deps/crc32fast-89f5fe55f648eaae.d': Permission denied
rm: cannot remove '/tmp/FORGE/target/release/deps/libbase64-af14bce6dbc6388d.rlib': Permission denied
rm: cannot remove '/tmp/FORGE/target/release/deps/libwriteable-a1109790a6a1c09c.rmeta': Permission denied
rm: cannot remove '/tmp/FORGE/target/release/deps/libicu_collections-7bd0ee6546c21fd9.rlib': Permission denied
rm: cannot remove '/tmp/FORGE/target/release/deps/writeable-a1109790a6a1c09c.d': Permission denied
rm: cannot remove '/tmp/FORGE/target/release/deps/rustls-6eb66d29da6cdecf.d': Permission denied
rm: cannot remove '/tmp/FORGE/target/release/deps/md5-e203dc33ce13c83c.d': Permission denied
rm: cannot remove '/tmp/FORGE/target/release/deps/libicu_locale_core-5a7ca828e5b7b9b9.rlib': Permission denied
rm: cannot remove '/tmp/FORGE/target/release/deps/libtinystr-6b7a12ba7472b63e.rmeta': Permission denied
rm: cannot remove '/tmp/FORGE/target/release/deps/cc-fb9c1ea9f121f9c1.d': Permission denied
rm: cannot remove '/tmp/FORGE/target/release/deps/libheck-3ccf68f271195ae4.rlib': Permission denied
rm: cannot remove '/tmp/FORGE/target/release/deps/icu_properties_data-a7090127301dc7f7.d': Permission denied
rm: cannot remove '/tmp/FORGE/target/release/deps/libregex-79efa27f222bcd05.rmeta': Permission denied
rm: cannot remove '/tmp/FORGE/target/release/deps/libzerovec-4b9490f9f48a9d66.rmeta': Permission denied
rm: cannot remove '/tmp/FORGE/target/release/deps/libversion_check-56a3a7157b6d9404.rmeta': Permission denied
rm: cannot remove '/tmp/FORGE/target/release/deps/ring-a1155733b2d495cb.d': Permission denied
rm: cannot remove '/tmp/FORGE/target/release/deps/libtypenum-b3dffe66970909c7.rlib': Permission denied
rm: cannot remove '/tmp/FORGE/target/release/deps/generic_array-40f2375ea21483c3.d': Permission denied
rm: cannot remove '/tmp/FORGE/target/release/deps/libring-a1155733b2d495cb.rmeta': Permission denied
rm: cannot remove '/tmp/FORGE/target/release/deps/zerovec_derive-ac107d7b6148aef3.d': Permission denied
rm: cannot remove '/tmp/FORGE/target/release/deps/libzerofrom_derive-ed222961303b3f6e.so': Permission denied
rm: cannot remove '/tmp/FORGE/target/release/deps/libzerofrom-9bb4cd69d9e3fa71.rlib': Permission denied
rm: cannot remove '/tmp/FORGE/target/release/deps/zerovec-4b9490f9f48a9d66.d': Permission denied
rm: cannot remove '/tmp/FORGE/target/release/deps/libversion_check-56a3a7157b6d9404.rlib': Permission denied
rm: cannot remove '/tmp/FORGE/target/release/deps/liburl-77dd21e40be5a972.rlib': Permission denied
rm: cannot remove '/tmp/FORGE/target/release/deps/proc_macro2-755c3b5fe6031711.d': Permission denied
rm: cannot remove '/tmp/FORGE/target/release/deps/libform_urlencoded-065805b367d49205.rlib': Permission denied
rm: cannot remove '/tmp/FORGE/target/release/deps/libzeroize-51ea554013c5dedc.rlib': Permission denied
rm: cannot remove '/tmp/FORGE/target/release/deps/liblog-e7421ecc919047b8.rlib': Permission denied
rm: cannot remove '/tmp/FORGE/target/release/deps/librustls-6eb66d29da6cdecf.rlib': Permission denied
rm: cannot remove '/tmp/FORGE/target/release/deps/find_msvc_tools-aa111640acbab6fb.d': Permission denied
rm: cannot remove '/tmp/FORGE/target/release/deps/libaho_corasick-832607d91fc76ff7.rlib': Permission denied
rm: cannot remove '/tmp/FORGE/target/release/deps/libcolorchoice-ec99e1d52044c081.rmeta': Permission denied
rm: cannot remove '/tmp/FORGE/target/release/deps/libuntrusted-8b8c7a633989712f.rlib': Permission denied
rm: cannot remove '/tmp/FORGE/target/release/deps/libzerovec_derive-ac107d7b6148aef3.so': Permission denied
rm: cannot remove '/tmp/FORGE/target/release/deps/anstyle-159aeb173a740b89.d': Permission denied
rm: cannot remove '/tmp/FORGE/target/release/deps/libanstyle-159aeb173a740b89.rmeta': Permission denied
rm: cannot remove '/tmp/FORGE/target/release/deps/icu_normalizer_data-86b05e4ca01a60f4.d': Permission denied
rm: cannot remove '/tmp/FORGE/target/release/deps/synstructure-904a2281ff5442c4.d': Permission denied
rm: cannot remove '/tmp/FORGE/target/release/deps/libanstyle_parse-4ecc9548262b2935.rlib': Permission denied
rm: cannot remove '/tmp/FORGE/target/release/deps/icu_provider-15dfc3dfa6da560f.d': Permission denied
rm: cannot remove '/tmp/FORGE/target/release/deps/zerotrie-d70a1c6dbf75a17a.d': Permission denied
rm: cannot remove '/tmp/FORGE/target/release/deps/libc-e8a8716eed928f2e.d': Permission denied
rm: cannot remove '/tmp/FORGE/target/release/deps/libsyn-8f0275be5db2f2ec.rmeta': Permission denied
rm: cannot remove '/tmp/FORGE/target/release/deps/libgetrandom-1a75fc33914227d4.rmeta': Permission denied
rm: cannot remove '/tmp/FORGE/target/release/deps/libflate2-8a047085e8166ec7.rlib': Permission denied
rm: cannot remove '/tmp/FORGE/target/release/deps/zeroize-51ea554013c5dedc.d': Permission denied
rm: cannot remove '/tmp/FORGE/target/release/deps/libadler2-7f8ebd9c27a69d4e.rlib': Permission denied
rm: cannot remove '/tmp/FORGE/target/release/deps/crypto_common-e0e6c666b16d0332.d': Permission denied
rm: cannot remove '/tmp/FORGE/target/release/deps/clap-4f148d641e1521d0.d': Permission denied
rm: cannot remove '/tmp/FORGE/target/release/deps/libaho_corasick-832607d91fc76ff7.rmeta': Permission denied
rm: cannot remove '/tmp/FORGE/target/release/deps/yoke-9961d56c300c96b1.d': Permission denied
rm: cannot remove '/tmp/FORGE/target/release/deps/libclap_derive-65ce44c115cbbb2e.so': Permission denied
rm: cannot remove '/tmp/FORGE/target/release/deps/libblock_buffer-6286447467b40411.rmeta': Permission denied
rm: cannot remove '/tmp/FORGE/target/release/deps/base64-af14bce6dbc6388d.d': Permission denied
rm: cannot remove '/tmp/FORGE/target/release/deps/icu_collections-7bd0ee6546c21fd9.d': Permission denied
rm: cannot remove '/tmp/FORGE/target/release/deps/libsyn-8f0275be5db2f2ec.rlib': Permission denied
rm: cannot remove '/tmp/FORGE/target/release/deps/libclap_lex-a2cb78086491b44c.rlib': Permission denied
rm: cannot remove '/tmp/FORGE/target/release/deps/libicu_normalizer_data-86b05e4ca01a60f4.rmeta': Permission denied
rm: cannot remove '/tmp/FORGE/target/release/deps/libmd5-e203dc33ce13c83c.rlib': Permission denied
rm: cannot remove '/tmp/FORGE/target/release/deps/libicu_locale_core-5a7ca828e5b7b9b9.rmeta': Permission denied
rm: cannot remove '/tmp/FORGE/target/release/deps/libutf8parse-169a3a2baf6e61a3.rlib': Permission denied
rm: cannot remove '/tmp/FORGE/target/release/deps/webpki-8211b981d092643f.d': Permission denied
rm: cannot remove '/tmp/FORGE/target/release/deps/libfind_msvc_tools-aa111640acbab6fb.rlib': Permission denied
rm: cannot remove '/tmp/FORGE/target/release/deps/libicu_provider-15dfc3dfa6da560f.rlib': Permission denied
rm: cannot remove '/tmp/FORGE/target/release/deps/libsimd_adler32-c80d0f9f9e3a2bec.rlib': Permission denied
rm: cannot remove '/tmp/FORGE/target/release/deps/libyoke-9961d56c300c96b1.rlib': Permission denied
rm: cannot remove '/tmp/FORGE/target/release/deps/libanstyle-159aeb173a740b89.rlib': Permission denied
rm: cannot remove '/tmp/FORGE/target/release/incremental': Permission denied
rm: cannot remove '/tmp/FORGE/target/release/examples': Permission denied
rm: cannot remove '/tmp/FORGE/target/release/.cargo-build-lock': Permission denied
rm: cannot remove '/tmp/FORGE/target/release/build/icu_normalizer_data-f6835ebda955aacb/root-output': Permission denied
rm: cannot remove '/tmp/FORGE/target/release/build/icu_normalizer_data-f6835ebda955aacb/output': Permission denied
rm: cannot remove '/tmp/FORGE/target/release/build/icu_normalizer_data-f6835ebda955aacb/out': Permission denied
rm: cannot remove '/tmp/FORGE/target/release/build/icu_normalizer_data-f6835ebda955aacb/invoked.timestamp': Permission denied
rm: cannot remove '/tmp/FORGE/target/release/build/icu_normalizer_data-f6835ebda955aacb/stderr': Permission denied
rm: cannot remove '/tmp/FORGE/target/release/build/quote-fc553fb0e128adcb/root-output': Permission denied
rm: cannot remove '/tmp/FORGE/target/release/build/quote-fc553fb0e128adcb/output': Permission denied
rm: cannot remove '/tmp/FORGE/target/release/build/quote-fc553fb0e128adcb/out': Permission denied
rm: cannot remove '/tmp/FORGE/target/release/build/quote-fc553fb0e128adcb/invoked.timestamp': Permission denied
rm: cannot remove '/tmp/FORGE/target/release/build/quote-fc553fb0e128adcb/stderr': Permission denied
rm: cannot remove '/tmp/FORGE/target/release/build/quote-af0a1fb9906b70dc/build_script_build-af0a1fb9906b70dc': Permission denied
rm: cannot remove '/tmp/FORGE/target/release/build/quote-af0a1fb9906b70dc/build-script-build': Permission denied
rm: cannot remove '/tmp/FORGE/target/release/build/quote-af0a1fb9906b70dc/build_script_build-af0a1fb9906b70dc.d': Permission denied
rm: cannot remove '/tmp/FORGE/target/release/build/libc-de1662be502c0510/root-output': Permission denied
rm: cannot remove '/tmp/FORGE/target/release/build/libc-de1662be502c0510/output': Permission denied
rm: cannot remove '/tmp/FORGE/target/release/build/libc-de1662be502c0510/out': Permission denied
rm: cannot remove '/tmp/FORGE/target/release/build/libc-de1662be502c0510/invoked.timestamp': Permission denied
rm: cannot remove '/tmp/FORGE/target/release/build/libc-de1662be502c0510/stderr': Permission denied
rm: cannot remove '/tmp/FORGE/target/release/build/generic-array-8bdff98a47b336b3/root-output': Permission denied
rm: cannot remove '/tmp/FORGE/target/release/build/generic-array-8bdff98a47b336b3/output': Permission denied
rm: cannot remove '/tmp/FORGE/target/release/build/generic-array-8bdff98a47b336b3/out': Permission denied
rm: cannot remove '/tmp/FORGE/target/release/build/generic-array-8bdff98a47b336b3/invoked.timestamp': Permission denied
rm: cannot remove '/tmp/FORGE/target/release/build/generic-array-8bdff98a47b336b3/stderr': Permission denied
rm: cannot remove '/tmp/FORGE/target/release/build/generic-array-e44ad0eb1862298c/build_script_build-e44ad0eb1862298c.d': Permission denied
rm: cannot remove '/tmp/FORGE/target/release/build/generic-array-e44ad0eb1862298c/build-script-build': Permission denied
rm: cannot remove '/tmp/FORGE/target/release/build/generic-array-e44ad0eb1862298c/build_script_build-e44ad0eb1862298c': Permission denied
rm: cannot remove '/tmp/FORGE/target/release/build/proc-macro2-abd50d9f72cc9fc5/root-output': Permission denied
rm: cannot remove '/tmp/FORGE/target/release/build/proc-macro2-abd50d9f72cc9fc5/output': Permission denied
rm: cannot remove '/tmp/FORGE/target/release/build/proc-macro2-abd50d9f72cc9fc5/out': Permission denied
rm: cannot remove '/tmp/FORGE/target/release/build/proc-macro2-abd50d9f72cc9fc5/invoked.timestamp': Permission denied
rm: cannot remove '/tmp/FORGE/target/release/build/proc-macro2-abd50d9f72cc9fc5/stderr': Permission denied
rm: cannot remove '/tmp/FORGE/target/release/build/proc-macro2-895ffae852975b2c/build-script-build': Permission denied
rm: cannot remove '/tmp/FORGE/target/release/build/proc-macro2-895ffae852975b2c/build_script_build-895ffae852975b2c.d': Permission denied
rm: cannot remove '/tmp/FORGE/target/release/build/proc-macro2-895ffae852975b2c/build_script_build-895ffae852975b2c': Permission denied
rm: cannot remove '/tmp/FORGE/target/release/build/icu_properties_data-ee07b99527f10aab/build-script-build': Permission denied
rm: cannot remove '/tmp/FORGE/target/release/build/icu_properties_data-ee07b99527f10aab/build_script_build-ee07b99527f10aab': Permission denied
rm: cannot remove '/tmp/FORGE/target/release/build/icu_properties_data-ee07b99527f10aab/build_script_build-ee07b99527f10aab.d': Permission denied
rm: cannot remove '/tmp/FORGE/target/release/build/crc32fast-ed55bc3ef23389fd/root-output': Permission denied
rm: cannot remove '/tmp/FORGE/target/release/build/crc32fast-ed55bc3ef23389fd/output': Permission denied
rm: cannot remove '/tmp/FORGE/target/release/build/crc32fast-ed55bc3ef23389fd/out': Permission denied
rm: cannot remove '/tmp/FORGE/target/release/build/crc32fast-ed55bc3ef23389fd/invoked.timestamp': Permission denied
rm: cannot remove '/tmp/FORGE/target/release/build/crc32fast-ed55bc3ef23389fd/stderr': Permission denied
rm: cannot remove '/tmp/FORGE/target/release/build/icu_normalizer_data-deb6badd71b3a2fe/build-script-build': Permission denied
rm: cannot remove '/tmp/FORGE/target/release/build/icu_normalizer_data-deb6badd71b3a2fe/build_script_build-deb6badd71b3a2fe.d': Permission denied
rm: cannot remove '/tmp/FORGE/target/release/build/icu_normalizer_data-deb6badd71b3a2fe/build_script_build-deb6badd71b3a2fe': Permission denied
rm: cannot remove '/tmp/FORGE/target/release/build/rustls-f51c7025c7ba0264/build-script-build': Permission denied
rm: cannot remove '/tmp/FORGE/target/release/build/rustls-f51c7025c7ba0264/build_script_build-f51c7025c7ba0264': Permission denied
rm: cannot remove '/tmp/FORGE/target/release/build/rustls-f51c7025c7ba0264/build_script_build-f51c7025c7ba0264.d': Permission denied
rm: cannot remove '/tmp/FORGE/target/release/build/libc-5bbad0af923b64a5/build-script-build': Permission denied
rm: cannot remove '/tmp/FORGE/target/release/build/libc-5bbad0af923b64a5/build_script_build-5bbad0af923b64a5.d': Permission denied
rm: cannot remove '/tmp/FORGE/target/release/build/libc-5bbad0af923b64a5/build_script_build-5bbad0af923b64a5': Permission denied
rm: cannot remove '/tmp/FORGE/target/release/build/ring-5d59590e3eb2fdf8/root-output': Permission denied
rm: cannot remove '/tmp/FORGE/target/release/build/ring-5d59590e3eb2fdf8/output': Permission denied
rm: cannot remove '/tmp/FORGE/target/release/build/ring-5d59590e3eb2fdf8/out/c322a0bcc369f531-p256-x86_64-asm-elf.o': Permission denied
rm: cannot remove '/tmp/FORGE/target/release/build/ring-5d59590e3eb2fdf8/out/a0330e891e733f4e-ecp_nistz.o': Permission denied
rm: cannot remove '/tmp/FORGE/target/release/build/ring-5d59590e3eb2fdf8/out/0bbbd18bda93c05b-aes_nohw.o': Permission denied
rm: cannot remove '/tmp/FORGE/target/release/build/ring-5d59590e3eb2fdf8/out/c322a0bcc369f531-sha512-x86_64-elf.o': Permission denied
rm: cannot remove '/tmp/FORGE/target/release/build/ring-5d59590e3eb2fdf8/out/c322a0bcc369f531-aesni-gcm-x86_64-elf.o': Permission denied
rm: cannot remove '/tmp/FORGE/target/release/build/ring-5d59590e3eb2fdf8/out/d5a9841f3dc6e253-poly1305.o': Permission denied
rm: cannot remove '/tmp/FORGE/target/release/build/ring-5d59590e3eb2fdf8/out/c322a0bcc369f531-chacha-x86_64-elf.o': Permission denied
rm: cannot remove '/tmp/FORGE/target/release/build/ring-5d59590e3eb2fdf8/out/25ac62e5b3c53843-curve25519_64_adx.o': Permission denied
rm: cannot remove '/tmp/FORGE/target/release/build/ring-5d59590e3eb2fdf8/out/00c879ee3285a50d-montgomery.o': Permission denied
rm: cannot remove '/tmp/FORGE/target/release/build/ring-5d59590e3eb2fdf8/out/a0330e891e733f4e-p256-nistz.o': Permission denied
rm: cannot remove '/tmp/FORGE/target/release/build/ring-5d59590e3eb2fdf8/out/c322a0bcc369f531-x86_64-mont-elf.o': Permission denied
rm: cannot remove '/tmp/FORGE/target/release/build/ring-5d59590e3eb2fdf8/out/c322a0bcc369f531-aes-gcm-avx2-x86_64-elf.o': Permission denied
rm: cannot remove '/tmp/FORGE/target/release/build/ring-5d59590e3eb2fdf8/out/a0330e891e733f4e-gfp_p384.o': Permission denied
rm: cannot remove '/tmp/FORGE/target/release/build/ring-5d59590e3eb2fdf8/out/aaa1ba3e455ee2e1-limbs.o': Permission denied
rm: cannot remove '/tmp/FORGE/target/release/build/ring-5d59590e3eb2fdf8/out/a4019cc0736b0423-crypto.o': Permission denied
rm: cannot remove '/tmp/FORGE/target/release/build/ring-5d59590e3eb2fdf8/out/c322a0bcc369f531-aesni-x86_64-elf.o': Permission denied
rm: cannot remove '/tmp/FORGE/target/release/build/ring-5d59590e3eb2fdf8/out/c322a0bcc369f531-chacha20_poly1305_x86_64-elf.o': Permission denied
rm: cannot remove '/tmp/FORGE/target/release/build/ring-5d59590e3eb2fdf8/out/a0330e891e733f4e-gfp_p256.o': Permission denied
rm: cannot remove '/tmp/FORGE/target/release/build/ring-5d59590e3eb2fdf8/out/c322a0bcc369f531-sha256-x86_64-elf.o': Permission denied
rm: cannot remove '/tmp/FORGE/target/release/build/ring-5d59590e3eb2fdf8/out/a0330e891e733f4e-p256.o': Permission denied
rm: cannot remove '/tmp/FORGE/target/release/build/ring-5d59590e3eb2fdf8/out/e165cd818145c705-fiat_curve25519_adx_mul.o': Permission denied
rm: cannot remove '/tmp/FORGE/target/release/build/ring-5d59590e3eb2fdf8/out/c322a0bcc369f531-ghash-x86_64-elf.o': Permission denied
rm: cannot remove '/tmp/FORGE/target/release/build/ring-5d59590e3eb2fdf8/out/a4019cc0736b0423-constant_time_test.o': Permission denied
rm: cannot remove '/tmp/FORGE/target/release/build/ring-5d59590e3eb2fdf8/out/25ac62e5b3c53843-curve25519.o': Permission denied
rm: cannot remove '/tmp/FORGE/target/release/build/ring-5d59590e3eb2fdf8/out/c322a0bcc369f531-x86_64-mont5-elf.o': Permission denied
rm: cannot remove '/tmp/FORGE/target/release/build/ring-5d59590e3eb2fdf8/out/a4019cc0736b0423-mem.o': Permission denied
rm: cannot remove '/tmp/FORGE/target/release/build/ring-5d59590e3eb2fdf8/out/00c879ee3285a50d-montgomery_inv.o': Permission denied
rm: cannot remove '/tmp/FORGE/target/release/build/ring-5d59590e3eb2fdf8/out/e165cd818145c705-fiat_curve25519_adx_square.o': Permission denied
rm: cannot remove '/tmp/FORGE/target/release/build/ring-5d59590e3eb2fdf8/out/libring_core_0_17_14__test.a': Permission denied
rm: cannot remove '/tmp/FORGE/target/release/build/ring-5d59590e3eb2fdf8/out/libring_core_0_17_14_.a': Permission denied
rm: cannot remove '/tmp/FORGE/target/release/build/ring-5d59590e3eb2fdf8/out/a4019cc0736b0423-cpu_intel.o': Permission denied
rm: cannot remove '/tmp/FORGE/target/release/build/ring-5d59590e3eb2fdf8/out/c322a0bcc369f531-vpaes-x86_64-elf.o': Permission denied
rm: cannot remove '/tmp/FORGE/target/release/build/ring-5d59590e3eb2fdf8/invoked.timestamp': Permission denied
rm: cannot remove '/tmp/FORGE/target/release/build/ring-5d59590e3eb2fdf8/stderr': Permission denied
rm: cannot remove '/tmp/FORGE/target/release/build/rustls-57fb56602af864d4/root-output': Permission denied
rm: cannot remove '/tmp/FORGE/target/release/build/rustls-57fb56602af864d4/output': Permission denied
rm: cannot remove '/tmp/FORGE/target/release/build/rustls-57fb56602af864d4/out': Permission denied
rm: cannot remove '/tmp/FORGE/target/release/build/rustls-57fb56602af864d4/invoked.timestamp': Permission denied
rm: cannot remove '/tmp/FORGE/target/release/build/rustls-57fb56602af864d4/stderr': Permission denied
rm: cannot remove '/tmp/FORGE/target/release/build/crc32fast-a480455137d1b036/build-script-build': Permission denied
rm: cannot remove '/tmp/FORGE/target/release/build/crc32fast-a480455137d1b036/build_script_build-a480455137d1b036.d': Permission denied
rm: cannot remove '/tmp/FORGE/target/release/build/crc32fast-a480455137d1b036/build_script_build-a480455137d1b036': Permission denied
rm: cannot remove '/tmp/FORGE/target/release/build/ring-b01571f7208702c1/build-script-build': Permission denied
rm: cannot remove '/tmp/FORGE/target/release/build/ring-b01571f7208702c1/build_script_build-b01571f7208702c1': Permission denied
rm: cannot remove '/tmp/FORGE/target/release/build/ring-b01571f7208702c1/build_script_build-b01571f7208702c1.d': Permission denied
rm: cannot remove '/tmp/FORGE/target/release/build/icu_properties_data-44b3d7987c26b7e8/root-output': Permission denied
rm: cannot remove '/tmp/FORGE/target/release/build/icu_properties_data-44b3d7987c26b7e8/output': Permission denied
rm: cannot remove '/tmp/FORGE/target/release/build/icu_properties_data-44b3d7987c26b7e8/out': Permission denied
rm: cannot remove '/tmp/FORGE/target/release/build/icu_properties_data-44b3d7987c26b7e8/invoked.timestamp': Permission denied
rm: cannot remove '/tmp/FORGE/target/release/build/icu_properties_data-44b3d7987c26b7e8/stderr': Permission denied
rm: cannot remove '/tmp/FORGE/target/release/slacker.d': Permission denied
rm: cannot remove '/tmp/FORGE/target/release/.fingerprint/displaydoc-b1460c39805908a1/lib-displaydoc.json': Permission denied
rm: cannot remove '/tmp/FORGE/target/release/.fingerprint/displaydoc-b1460c39805908a1/lib-displaydoc': Permission denied
rm: cannot remove '/tmp/FORGE/target/release/.fingerprint/displaydoc-b1460c39805908a1/dep-lib-displaydoc': Permission denied
rm: cannot remove '/tmp/FORGE/target/release/.fingerprint/displaydoc-b1460c39805908a1/invoked.timestamp': Permission denied
rm: cannot remove '/tmp/FORGE/target/release/.fingerprint/clap_lex-a2cb78086491b44c/dep-lib-clap_lex': Permission denied
rm: cannot remove '/tmp/FORGE/target/release/.fingerprint/clap_lex-a2cb78086491b44c/lib-clap_lex.json': Permission denied
rm: cannot remove '/tmp/FORGE/target/release/.fingerprint/clap_lex-a2cb78086491b44c/invoked.timestamp': Permission denied
rm: cannot remove '/tmp/FORGE/target/release/.fingerprint/clap_lex-a2cb78086491b44c/lib-clap_lex': Permission denied
rm: cannot remove '/tmp/FORGE/target/release/.fingerprint/ring-a1155733b2d495cb/lib-ring': Permission denied
rm: cannot remove '/tmp/FORGE/target/release/.fingerprint/ring-a1155733b2d495cb/lib-ring.json': Permission denied
rm: cannot remove '/tmp/FORGE/target/release/.fingerprint/ring-a1155733b2d495cb/invoked.timestamp': Permission denied
rm: cannot remove '/tmp/FORGE/target/release/.fingerprint/ring-a1155733b2d495cb/dep-lib-ring': Permission denied
rm: cannot remove '/tmp/FORGE/target/release/.fingerprint/icu_normalizer_data-f6835ebda955aacb/run-build-script-build-script-build': Permission denied
rm: cannot remove '/tmp/FORGE/target/release/.fingerprint/icu_normalizer_data-f6835ebda955aacb/run-build-script-build-script-build.json': Permission denied
rm: cannot remove '/tmp/FORGE/target/release/.fingerprint/quote-fc553fb0e128adcb/run-build-script-build-script-build': Permission denied
rm: cannot remove '/tmp/FORGE/target/release/.fingerprint/quote-fc553fb0e128adcb/run-build-script-build-script-build.json': Permission denied
rm: cannot remove '/tmp/FORGE/target/release/.fingerprint/typenum-b3dffe66970909c7/lib-typenum': Permission denied
rm: cannot remove '/tmp/FORGE/target/release/.fingerprint/typenum-b3dffe66970909c7/dep-lib-typenum': Permission denied
rm: cannot remove '/tmp/FORGE/target/release/.fingerprint/typenum-b3dffe66970909c7/invoked.timestamp': Permission denied
rm: cannot remove '/tmp/FORGE/target/release/.fingerprint/typenum-b3dffe66970909c7/lib-typenum.json': Permission denied
rm: cannot remove '/tmp/FORGE/target/release/.fingerprint/ureq-64c2c51ca196f878/lib-ureq.json': Permission denied
rm: cannot remove '/tmp/FORGE/target/release/.fingerprint/ureq-64c2c51ca196f878/dep-lib-ureq': Permission denied
rm: cannot remove '/tmp/FORGE/target/release/.fingerprint/ureq-64c2c51ca196f878/lib-ureq': Permission denied
rm: cannot remove '/tmp/FORGE/target/release/.fingerprint/ureq-64c2c51ca196f878/invoked.timestamp': Permission denied
rm: cannot remove '/tmp/FORGE/target/release/.fingerprint/getrandom-1a75fc33914227d4/lib-getrandom': Permission denied
rm: cannot remove '/tmp/FORGE/target/release/.fingerprint/getrandom-1a75fc33914227d4/lib-getrandom.json': Permission denied
rm: cannot remove '/tmp/FORGE/target/release/.fingerprint/getrandom-1a75fc33914227d4/invoked.timestamp': Permission denied
rm: cannot remove '/tmp/FORGE/target/release/.fingerprint/getrandom-1a75fc33914227d4/dep-lib-getrandom': Permission denied
rm: cannot remove '/tmp/FORGE/target/release/.fingerprint/anstyle-query-358c33d26a6ea4ee/dep-lib-anstyle_query': Permission denied
rm: cannot remove '/tmp/FORGE/target/release/.fingerprint/anstyle-query-358c33d26a6ea4ee/lib-anstyle_query.json': Permission denied
rm: cannot remove '/tmp/FORGE/target/release/.fingerprint/anstyle-query-358c33d26a6ea4ee/lib-anstyle_query': Permission denied
rm: cannot remove '/tmp/FORGE/target/release/.fingerprint/anstyle-query-358c33d26a6ea4ee/invoked.timestamp': Permission denied
rm: cannot remove '/tmp/FORGE/target/release/.fingerprint/heck-3ccf68f271195ae4/lib-heck.json': Permission denied
rm: cannot remove '/tmp/FORGE/target/release/.fingerprint/heck-3ccf68f271195ae4/dep-lib-heck': Permission denied
rm: cannot remove '/tmp/FORGE/target/release/.fingerprint/heck-3ccf68f271195ae4/invoked.timestamp': Permission denied
rm: cannot remove '/tmp/FORGE/target/release/.fingerprint/heck-3ccf68f271195ae4/lib-heck': Permission denied
rm: cannot remove '/tmp/FORGE/target/release/.fingerprint/log-e7421ecc919047b8/dep-lib-log': Permission denied
rm: cannot remove '/tmp/FORGE/target/release/.fingerprint/log-e7421ecc919047b8/lib-log': Permission denied
rm: cannot remove '/tmp/FORGE/target/release/.fingerprint/log-e7421ecc919047b8/invoked.timestamp': Permission denied
rm: cannot remove '/tmp/FORGE/target/release/.fingerprint/log-e7421ecc919047b8/lib-log.json': Permission denied
rm: cannot remove '/tmp/FORGE/target/release/.fingerprint/unicode-ident-232c7c59624d5348/lib-unicode_ident': Permission denied
rm: cannot remove '/tmp/FORGE/target/release/.fingerprint/unicode-ident-232c7c59624d5348/lib-unicode_ident.json': Permission denied
rm: cannot remove '/tmp/FORGE/target/release/.fingerprint/unicode-ident-232c7c59624d5348/invoked.timestamp': Permission denied
rm: cannot remove '/tmp/FORGE/target/release/.fingerprint/unicode-ident-232c7c59624d5348/dep-lib-unicode_ident': Permission denied
rm: cannot remove '/tmp/FORGE/target/release/.fingerprint/potential_utf-b0a7a136959d0ece/lib-potential_utf': Permission denied
rm: cannot remove '/tmp/FORGE/target/release/.fingerprint/potential_utf-b0a7a136959d0ece/invoked.timestamp': Permission denied
rm: cannot remove '/tmp/FORGE/target/release/.fingerprint/potential_utf-b0a7a136959d0ece/lib-potential_utf.json': Permission denied
rm: cannot remove '/tmp/FORGE/target/release/.fingerprint/potential_utf-b0a7a136959d0ece/dep-lib-potential_utf': Permission denied
rm: cannot remove '/tmp/FORGE/target/release/.fingerprint/quote-9bb1f3324f9f56a1/lib-quote.json': Permission denied
rm: cannot remove '/tmp/FORGE/target/release/.fingerprint/quote-9bb1f3324f9f56a1/dep-lib-quote': Permission denied
rm: cannot remove '/tmp/FORGE/target/release/.fingerprint/quote-9bb1f3324f9f56a1/invoked.timestamp': Permission denied
rm: cannot remove '/tmp/FORGE/target/release/.fingerprint/quote-9bb1f3324f9f56a1/lib-quote': Permission denied
rm: cannot remove '/tmp/FORGE/target/release/.fingerprint/memchr-f920c80c48b71723/lib-memchr': Permission denied
rm: cannot remove '/tmp/FORGE/target/release/.fingerprint/memchr-f920c80c48b71723/dep-lib-memchr': Permission denied
rm: cannot remove '/tmp/FORGE/target/release/.fingerprint/memchr-f920c80c48b71723/lib-memchr.json': Permission denied
rm: cannot remove '/tmp/FORGE/target/release/.fingerprint/memchr-f920c80c48b71723/invoked.timestamp': Permission denied
rm: cannot remove '/tmp/FORGE/target/release/.fingerprint/form_urlencoded-065805b367d49205/lib-form_urlencoded': Permission denied
rm: cannot remove '/tmp/FORGE/target/release/.fingerprint/form_urlencoded-065805b367d49205/lib-form_urlencoded.json': Permission denied
rm: cannot remove '/tmp/FORGE/target/release/.fingerprint/form_urlencoded-065805b367d49205/dep-lib-form_urlencoded': Permission denied
rm: cannot remove '/tmp/FORGE/target/release/.fingerprint/form_urlencoded-065805b367d49205/invoked.timestamp': Permission denied
rm: cannot remove '/tmp/FORGE/target/release/.fingerprint/syn-8f0275be5db2f2ec/dep-lib-syn': Permission denied
rm: cannot remove '/tmp/FORGE/target/release/.fingerprint/syn-8f0275be5db2f2ec/lib-syn': Permission denied
rm: cannot remove '/tmp/FORGE/target/release/.fingerprint/syn-8f0275be5db2f2ec/lib-syn.json': Permission denied
rm: cannot remove '/tmp/FORGE/target/release/.fingerprint/syn-8f0275be5db2f2ec/invoked.timestamp': Permission denied
rm: cannot remove '/tmp/FORGE/target/release/.fingerprint/icu_properties-e3c0b458293abdf6/lib-icu_properties': Permission denied
rm: cannot remove '/tmp/FORGE/target/release/.fingerprint/icu_properties-e3c0b458293abdf6/invoked.timestamp': Permission denied
rm: cannot remove '/tmp/FORGE/target/release/.fingerprint/icu_properties-e3c0b458293abdf6/lib-icu_properties.json': Permission denied
rm: cannot remove '/tmp/FORGE/target/release/.fingerprint/icu_properties-e3c0b458293abdf6/dep-lib-icu_properties': Permission denied
rm: cannot remove '/tmp/FORGE/target/release/.fingerprint/rustls-webpki-8211b981d092643f/lib-webpki': Permission denied
rm: cannot remove '/tmp/FORGE/target/release/.fingerprint/rustls-webpki-8211b981d092643f/lib-webpki.json': Permission denied
rm: cannot remove '/tmp/FORGE/target/release/.fingerprint/rustls-webpki-8211b981d092643f/dep-lib-webpki': Permission denied
rm: cannot remove '/tmp/FORGE/target/release/.fingerprint/rustls-webpki-8211b981d092643f/invoked.timestamp': Permission denied
rm: cannot remove '/tmp/FORGE/target/release/.fingerprint/cfg-if-a342e367182b0015/lib-cfg_if.json': Permission denied
rm: cannot remove '/tmp/FORGE/target/release/.fingerprint/cfg-if-a342e367182b0015/dep-lib-cfg_if': Permission denied
rm: cannot remove '/tmp/FORGE/target/release/.fingerprint/cfg-if-a342e367182b0015/lib-cfg_if': Permission denied
rm: cannot remove '/tmp/FORGE/target/release/.fingerprint/cfg-if-a342e367182b0015/invoked.timestamp': Permission denied
rm: cannot remove '/tmp/FORGE/target/release/.fingerprint/md-5-e203dc33ce13c83c/lib-md5.json': Permission denied
rm: cannot remove '/tmp/FORGE/target/release/.fingerprint/md-5-e203dc33ce13c83c/lib-md5': Permission denied
rm: cannot remove '/tmp/FORGE/target/release/.fingerprint/md-5-e203dc33ce13c83c/dep-lib-md5': Permission denied
rm: cannot remove '/tmp/FORGE/target/release/.fingerprint/md-5-e203dc33ce13c83c/invoked.timestamp': Permission denied
rm: cannot remove '/tmp/FORGE/target/release/.fingerprint/flate2-8a047085e8166ec7/dep-lib-flate2': Permission denied
rm: cannot remove '/tmp/FORGE/target/release/.fingerprint/flate2-8a047085e8166ec7/lib-flate2.json': Permission denied
rm: cannot remove '/tmp/FORGE/target/release/.fingerprint/flate2-8a047085e8166ec7/invoked.timestamp': Permission denied
rm: cannot remove '/tmp/FORGE/target/release/.fingerprint/flate2-8a047085e8166ec7/lib-flate2': Permission denied
rm: cannot remove '/tmp/FORGE/target/release/.fingerprint/utf8parse-169a3a2baf6e61a3/dep-lib-utf8parse': Permission denied
rm: cannot remove '/tmp/FORGE/target/release/.fingerprint/utf8parse-169a3a2baf6e61a3/lib-utf8parse.json': Permission denied
rm: cannot remove '/tmp/FORGE/target/release/.fingerprint/utf8parse-169a3a2baf6e61a3/lib-utf8parse': Permission denied
rm: cannot remove '/tmp/FORGE/target/release/.fingerprint/utf8parse-169a3a2baf6e61a3/invoked.timestamp': Permission denied
rm: cannot remove '/tmp/FORGE/target/release/.fingerprint/regex-syntax-a8e3cfaaa6024364/dep-lib-regex_syntax': Permission denied
rm: cannot remove '/tmp/FORGE/target/release/.fingerprint/regex-syntax-a8e3cfaaa6024364/lib-regex_syntax.json': Permission denied
rm: cannot remove '/tmp/FORGE/target/release/.fingerprint/regex-syntax-a8e3cfaaa6024364/invoked.timestamp': Permission denied
rm: cannot remove '/tmp/FORGE/target/release/.fingerprint/regex-syntax-a8e3cfaaa6024364/lib-regex_syntax': Permission denied
rm: cannot remove '/tmp/FORGE/target/release/.fingerprint/zerotrie-d70a1c6dbf75a17a/lib-zerotrie.json': Permission denied
rm: cannot remove '/tmp/FORGE/target/release/.fingerprint/zerotrie-d70a1c6dbf75a17a/lib-zerotrie': Permission denied
rm: cannot remove '/tmp/FORGE/target/release/.fingerprint/zerotrie-d70a1c6dbf75a17a/invoked.timestamp': Permission denied
rm: cannot remove '/tmp/FORGE/target/release/.fingerprint/zerotrie-d70a1c6dbf75a17a/dep-lib-zerotrie': Permission denied
rm: cannot remove '/tmp/FORGE/target/release/.fingerprint/rustls-6eb66d29da6cdecf/dep-lib-rustls': Permission denied
rm: cannot remove '/tmp/FORGE/target/release/.fingerprint/rustls-6eb66d29da6cdecf/lib-rustls.json': Permission denied
rm: cannot remove '/tmp/FORGE/target/release/.fingerprint/rustls-6eb66d29da6cdecf/invoked.timestamp': Permission denied
rm: cannot remove '/tmp/FORGE/target/release/.fingerprint/rustls-6eb66d29da6cdecf/lib-rustls': Permission denied
rm: cannot remove '/tmp/FORGE/target/release/.fingerprint/quote-af0a1fb9906b70dc/build-script-build-script-build': Permission denied
rm: cannot remove '/tmp/FORGE/target/release/.fingerprint/quote-af0a1fb9906b70dc/build-script-build-script-build.json': Permission denied
rm: cannot remove '/tmp/FORGE/target/release/.fingerprint/quote-af0a1fb9906b70dc/invoked.timestamp': Permission denied
rm: cannot remove '/tmp/FORGE/target/release/.fingerprint/quote-af0a1fb9906b70dc/dep-build-script-build-script-build': Permission denied
rm: cannot remove '/tmp/FORGE/target/release/.fingerprint/digest-b85018592b48a47a/dep-lib-digest': Permission denied
rm: cannot remove '/tmp/FORGE/target/release/.fingerprint/digest-b85018592b48a47a/lib-digest': Permission denied
rm: cannot remove '/tmp/FORGE/target/release/.fingerprint/digest-b85018592b48a47a/invoked.timestamp': Permission denied
rm: cannot remove '/tmp/FORGE/target/release/.fingerprint/digest-b85018592b48a47a/lib-digest.json': Permission denied
rm: cannot remove '/tmp/FORGE/target/release/.fingerprint/stable_deref_trait-18e6349eaa482946/lib-stable_deref_trait.json': Permission denied
rm: cannot remove '/tmp/FORGE/target/release/.fingerprint/stable_deref_trait-18e6349eaa482946/lib-stable_deref_trait': Permission denied
rm: cannot remove '/tmp/FORGE/target/release/.fingerprint/stable_deref_trait-18e6349eaa482946/dep-lib-stable_deref_trait': Permission denied
rm: cannot remove '/tmp/FORGE/target/release/.fingerprint/stable_deref_trait-18e6349eaa482946/invoked.timestamp': Permission denied
rm: cannot remove '/tmp/FORGE/target/release/.fingerprint/url-77dd21e40be5a972/dep-lib-url': Permission denied
rm: cannot remove '/tmp/FORGE/target/release/.fingerprint/url-77dd21e40be5a972/lib-url': Permission denied
rm: cannot remove '/tmp/FORGE/target/release/.fingerprint/url-77dd21e40be5a972/lib-url.json': Permission denied
rm: cannot remove '/tmp/FORGE/target/release/.fingerprint/url-77dd21e40be5a972/invoked.timestamp': Permission denied
rm: cannot remove '/tmp/FORGE/target/release/.fingerprint/idna-9980514ae8f5b75a/dep-lib-idna': Permission denied
rm: cannot remove '/tmp/FORGE/target/release/.fingerprint/idna-9980514ae8f5b75a/lib-idna.json': Permission denied
rm: cannot remove '/tmp/FORGE/target/release/.fingerprint/idna-9980514ae8f5b75a/lib-idna': Permission denied
rm: cannot remove '/tmp/FORGE/target/release/.fingerprint/idna-9980514ae8f5b75a/invoked.timestamp': Permission denied
rm: cannot remove '/tmp/FORGE/target/release/.fingerprint/zerofrom-9bb4cd69d9e3fa71/lib-zerofrom': Permission denied
rm: cannot remove '/tmp/FORGE/target/release/.fingerprint/zerofrom-9bb4cd69d9e3fa71/dep-lib-zerofrom': Permission denied
rm: cannot remove '/tmp/FORGE/target/release/.fingerprint/zerofrom-9bb4cd69d9e3fa71/invoked.timestamp': Permission denied
rm: cannot remove '/tmp/FORGE/target/release/.fingerprint/zerofrom-9bb4cd69d9e3fa71/lib-zerofrom.json': Permission denied
rm: cannot remove '/tmp/FORGE/target/release/.fingerprint/libc-de1662be502c0510/run-build-script-build-script-build': Permission denied
rm: cannot remove '/tmp/FORGE/target/release/.fingerprint/libc-de1662be502c0510/run-build-script-build-script-build.json': Permission denied
rm: cannot remove '/tmp/FORGE/target/release/.fingerprint/block-buffer-6286447467b40411/dep-lib-block_buffer': Permission denied
rm: cannot remove '/tmp/FORGE/target/release/.fingerprint/block-buffer-6286447467b40411/lib-block_buffer.json': Permission denied
rm: cannot remove '/tmp/FORGE/target/release/.fingerprint/block-buffer-6286447467b40411/invoked.timestamp': Permission denied
rm: cannot remove '/tmp/FORGE/target/release/.fingerprint/block-buffer-6286447467b40411/lib-block_buffer': Permission denied
rm: cannot remove '/tmp/FORGE/target/release/.fingerprint/shlex-58875cf32d2b7a25/lib-shlex.json': Permission denied
rm: cannot remove '/tmp/FORGE/target/release/.fingerprint/shlex-58875cf32d2b7a25/lib-shlex': Permission denied
rm: cannot remove '/tmp/FORGE/target/release/.fingerprint/shlex-58875cf32d2b7a25/dep-lib-shlex': Permission denied
rm: cannot remove '/tmp/FORGE/target/release/.fingerprint/shlex-58875cf32d2b7a25/invoked.timestamp': Permission denied
rm: cannot remove '/tmp/FORGE/target/release/.fingerprint/webpki-roots-00f183c898cf510e/lib-webpki_roots.json': Permission denied
rm: cannot remove '/tmp/FORGE/target/release/.fingerprint/webpki-roots-00f183c898cf510e/dep-lib-webpki_roots': Permission denied
rm: cannot remove '/tmp/FORGE/target/release/.fingerprint/webpki-roots-00f183c898cf510e/invoked.timestamp': Permission denied
rm: cannot remove '/tmp/FORGE/target/release/.fingerprint/webpki-roots-00f183c898cf510e/lib-webpki_roots': Permission denied
rm: cannot remove '/tmp/FORGE/target/release/.fingerprint/generic-array-8bdff98a47b336b3/run-build-script-build-script-build': Permission denied
rm: cannot remove '/tmp/FORGE/target/release/.fingerprint/generic-array-8bdff98a47b336b3/run-build-script-build-script-build.json': Permission denied
rm: cannot remove '/tmp/FORGE/target/release/.fingerprint/crypto-common-e0e6c666b16d0332/lib-crypto_common.json': Permission denied
rm: cannot remove '/tmp/FORGE/target/release/.fingerprint/crypto-common-e0e6c666b16d0332/lib-crypto_common': Permission denied
rm: cannot remove '/tmp/FORGE/target/release/.fingerprint/crypto-common-e0e6c666b16d0332/dep-lib-crypto_common': Permission denied
rm: cannot remove '/tmp/FORGE/target/release/.fingerprint/crypto-common-e0e6c666b16d0332/invoked.timestamp': Permission denied
rm: cannot remove '/tmp/FORGE/target/release/.fingerprint/icu_properties_data-a7090127301dc7f7/lib-icu_properties_data': Permission denied
rm: cannot remove '/tmp/FORGE/target/release/.fingerprint/icu_properties_data-a7090127301dc7f7/dep-lib-icu_properties_data': Permission denied
rm: cannot remove '/tmp/FORGE/target/release/.fingerprint/icu_properties_data-a7090127301dc7f7/invoked.timestamp': Permission denied
rm: cannot remove '/tmp/FORGE/target/release/.fingerprint/icu_properties_data-a7090127301dc7f7/lib-icu_properties_data.json': Permission denied
rm: cannot remove '/tmp/FORGE/target/release/.fingerprint/once_cell-f4b8bcf6df05bc70/lib-once_cell': Permission denied
rm: cannot remove '/tmp/FORGE/target/release/.fingerprint/once_cell-f4b8bcf6df05bc70/lib-once_cell.json': Permission denied
rm: cannot remove '/tmp/FORGE/target/release/.fingerprint/once_cell-f4b8bcf6df05bc70/dep-lib-once_cell': Permission denied
rm: cannot remove '/tmp/FORGE/target/release/.fingerprint/once_cell-f4b8bcf6df05bc70/invoked.timestamp': Permission denied
rm: cannot remove '/tmp/FORGE/target/release/.fingerprint/icu_normalizer_data-86b05e4ca01a60f4/dep-lib-icu_normalizer_data': Permission denied
rm: cannot remove '/tmp/FORGE/target/release/.fingerprint/icu_normalizer_data-86b05e4ca01a60f4/lib-icu_normalizer_data': Permission denied
rm: cannot remove '/tmp/FORGE/target/release/.fingerprint/icu_normalizer_data-86b05e4ca01a60f4/invoked.timestamp': Permission denied
rm: cannot remove '/tmp/FORGE/target/release/.fingerprint/icu_normalizer_data-86b05e4ca01a60f4/lib-icu_normalizer_data.json': Permission denied
rm: cannot remove '/tmp/FORGE/target/release/.fingerprint/idna_adapter-d4bc07b5cb861bfa/dep-lib-idna_adapter': Permission denied
rm: cannot remove '/tmp/FORGE/target/release/.fingerprint/idna_adapter-d4bc07b5cb861bfa/lib-idna_adapter': Permission denied
rm: cannot remove '/tmp/FORGE/target/release/.fingerprint/idna_adapter-d4bc07b5cb861bfa/lib-idna_adapter.json': Permission denied
rm: cannot remove '/tmp/FORGE/target/release/.fingerprint/idna_adapter-d4bc07b5cb861bfa/invoked.timestamp': Permission denied
rm: cannot remove '/tmp/FORGE/target/release/.fingerprint/generic-array-e44ad0eb1862298c/build-script-build-script-build': Permission denied
rm: cannot remove '/tmp/FORGE/target/release/.fingerprint/generic-array-e44ad0eb1862298c/build-script-build-script-build.json': Permission denied
rm: cannot remove '/tmp/FORGE/target/release/.fingerprint/generic-array-e44ad0eb1862298c/invoked.timestamp': Permission denied
rm: cannot remove '/tmp/FORGE/target/release/.fingerprint/generic-array-e44ad0eb1862298c/dep-build-script-build-script-build': Permission denied
rm: cannot remove '/tmp/FORGE/target/release/.fingerprint/proc-macro2-abd50d9f72cc9fc5/run-build-script-build-script-build': Permission denied
rm: cannot remove '/tmp/FORGE/target/release/.fingerprint/proc-macro2-abd50d9f72cc9fc5/run-build-script-build-script-build.json': Permission denied
rm: cannot remove '/tmp/FORGE/target/release/.fingerprint/proc-macro2-895ffae852975b2c/build-script-build-script-build': Permission denied
rm: cannot remove '/tmp/FORGE/target/release/.fingerprint/proc-macro2-895ffae852975b2c/build-script-build-script-build.json': Permission denied
rm: cannot remove '/tmp/FORGE/target/release/.fingerprint/proc-macro2-895ffae852975b2c/invoked.timestamp': Permission denied
rm: cannot remove '/tmp/FORGE/target/release/.fingerprint/proc-macro2-895ffae852975b2c/dep-build-script-build-script-build': Permission denied
rm: cannot remove '/tmp/FORGE/target/release/.fingerprint/tinystr-6b7a12ba7472b63e/dep-lib-tinystr': Permission denied
rm: cannot remove '/tmp/FORGE/target/release/.fingerprint/tinystr-6b7a12ba7472b63e/lib-tinystr': Permission denied
rm: cannot remove '/tmp/FORGE/target/release/.fingerprint/tinystr-6b7a12ba7472b63e/lib-tinystr.json': Permission denied
rm: cannot remove '/tmp/FORGE/target/release/.fingerprint/tinystr-6b7a12ba7472b63e/invoked.timestamp': Permission denied
rm: cannot remove '/tmp/FORGE/target/release/.fingerprint/icu_properties_data-ee07b99527f10aab/build-script-build-script-build': Permission denied
rm: cannot remove '/tmp/FORGE/target/release/.fingerprint/icu_properties_data-ee07b99527f10aab/build-script-build-script-build.json': Permission denied
rm: cannot remove '/tmp/FORGE/target/release/.fingerprint/icu_properties_data-ee07b99527f10aab/invoked.timestamp': Permission denied
rm: cannot remove '/tmp/FORGE/target/release/.fingerprint/icu_properties_data-ee07b99527f10aab/dep-build-script-build-script-build': Permission denied
rm: cannot remove '/tmp/FORGE/target/release/.fingerprint/icu_collections-7bd0ee6546c21fd9/lib-icu_collections.json': Permission denied
rm: cannot remove '/tmp/FORGE/target/release/.fingerprint/icu_collections-7bd0ee6546c21fd9/lib-icu_collections': Permission denied
rm: cannot remove '/tmp/FORGE/target/release/.fingerprint/icu_collections-7bd0ee6546c21fd9/dep-lib-icu_collections': Permission denied
rm: cannot remove '/tmp/FORGE/target/release/.fingerprint/icu_collections-7bd0ee6546c21fd9/invoked.timestamp': Permission denied
rm: cannot remove '/tmp/FORGE/target/release/.fingerprint/icu_provider-15dfc3dfa6da560f/lib-icu_provider': Permission denied
rm: cannot remove '/tmp/FORGE/target/release/.fingerprint/icu_provider-15dfc3dfa6da560f/dep-lib-icu_provider': Permission denied
rm: cannot remove '/tmp/FORGE/target/release/.fingerprint/icu_provider-15dfc3dfa6da560f/invoked.timestamp': Permission denied
rm: cannot remove '/tmp/FORGE/target/release/.fingerprint/icu_provider-15dfc3dfa6da560f/lib-icu_provider.json': Permission denied
rm: cannot remove '/tmp/FORGE/target/release/.fingerprint/icu_locale_core-5a7ca828e5b7b9b9/lib-icu_locale_core': Permission denied
rm: cannot remove '/tmp/FORGE/target/release/.fingerprint/icu_locale_core-5a7ca828e5b7b9b9/lib-icu_locale_core.json': Permission denied
rm: cannot remove '/tmp/FORGE/target/release/.fingerprint/icu_locale_core-5a7ca828e5b7b9b9/invoked.timestamp': Permission denied
rm: cannot remove '/tmp/FORGE/target/release/.fingerprint/icu_locale_core-5a7ca828e5b7b9b9/dep-lib-icu_locale_core': Permission denied
rm: cannot remove '/tmp/FORGE/target/release/.fingerprint/litemap-2d850de42ef25969/dep-lib-litemap': Permission denied
rm: cannot remove '/tmp/FORGE/target/release/.fingerprint/litemap-2d850de42ef25969/invoked.timestamp': Permission denied
rm: cannot remove '/tmp/FORGE/target/release/.fingerprint/litemap-2d850de42ef25969/lib-litemap': Permission denied
rm: cannot remove '/tmp/FORGE/target/release/.fingerprint/litemap-2d850de42ef25969/lib-litemap.json': Permission denied
rm: cannot remove '/tmp/FORGE/target/release/.fingerprint/zeroize-51ea554013c5dedc/lib-zeroize.json': Permission denied
rm: cannot remove '/tmp/FORGE/target/release/.fingerprint/zeroize-51ea554013c5dedc/lib-zeroize': Permission denied
rm: cannot remove '/tmp/FORGE/target/release/.fingerprint/zeroize-51ea554013c5dedc/invoked.timestamp': Permission denied
rm: cannot remove '/tmp/FORGE/target/release/.fingerprint/zeroize-51ea554013c5dedc/dep-lib-zeroize': Permission denied
rm: cannot remove '/tmp/FORGE/target/release/.fingerprint/crc32fast-ed55bc3ef23389fd/run-build-script-build-script-build': Permission denied
rm: cannot remove '/tmp/FORGE/target/release/.fingerprint/crc32fast-ed55bc3ef23389fd/run-build-script-build-script-build.json': Permission denied
rm: cannot remove '/tmp/FORGE/target/release/.fingerprint/generic-array-40f2375ea21483c3/lib-generic_array.json': Permission denied
rm: cannot remove '/tmp/FORGE/target/release/.fingerprint/generic-array-40f2375ea21483c3/lib-generic_array': Permission denied
rm: cannot remove '/tmp/FORGE/target/release/.fingerprint/generic-array-40f2375ea21483c3/invoked.timestamp': Permission denied
rm: cannot remove '/tmp/FORGE/target/release/.fingerprint/generic-array-40f2375ea21483c3/dep-lib-generic_array': Permission denied
rm: cannot remove '/tmp/FORGE/target/release/.fingerprint/percent-encoding-a42dfcdaa0f5d6e0/lib-percent_encoding': Permission denied
rm: cannot remove '/tmp/FORGE/target/release/.fingerprint/percent-encoding-a42dfcdaa0f5d6e0/dep-lib-percent_encoding': Permission denied
rm: cannot remove '/tmp/FORGE/target/release/.fingerprint/percent-encoding-a42dfcdaa0f5d6e0/invoked.timestamp': Permission denied
rm: cannot remove '/tmp/FORGE/target/release/.fingerprint/percent-encoding-a42dfcdaa0f5d6e0/lib-percent_encoding.json': Permission denied
rm: cannot remove '/tmp/FORGE/target/release/.fingerprint/libc-e8a8716eed928f2e/lib-libc': Permission denied
rm: cannot remove '/tmp/FORGE/target/release/.fingerprint/libc-e8a8716eed928f2e/lib-libc.json': Permission denied
rm: cannot remove '/tmp/FORGE/target/release/.fingerprint/libc-e8a8716eed928f2e/invoked.timestamp': Permission denied
rm: cannot remove '/tmp/FORGE/target/release/.fingerprint/libc-e8a8716eed928f2e/dep-lib-libc': Permission denied
rm: cannot remove '/tmp/FORGE/target/release/.fingerprint/anstream-7665b6021387d4b3/dep-lib-anstream': Permission denied
rm: cannot remove '/tmp/FORGE/target/release/.fingerprint/anstream-7665b6021387d4b3/lib-anstream': Permission denied
rm: cannot remove '/tmp/FORGE/target/release/.fingerprint/anstream-7665b6021387d4b3/invoked.timestamp': Permission denied
rm: cannot remove '/tmp/FORGE/target/release/.fingerprint/anstream-7665b6021387d4b3/lib-anstream.json': Permission denied
rm: cannot remove '/tmp/FORGE/target/release/.fingerprint/webpki-roots-d40ed0b12de74c23/lib-webpki_roots.json': Permission denied
rm: cannot remove '/tmp/FORGE/target/release/.fingerprint/webpki-roots-d40ed0b12de74c23/dep-lib-webpki_roots': Permission denied
rm: cannot remove '/tmp/FORGE/target/release/.fingerprint/webpki-roots-d40ed0b12de74c23/invoked.timestamp': Permission denied
rm: cannot remove '/tmp/FORGE/target/release/.fingerprint/webpki-roots-d40ed0b12de74c23/lib-webpki_roots': Permission denied
rm: cannot remove '/tmp/FORGE/target/release/.fingerprint/icu_normalizer-a2767fd7323317e5/dep-lib-icu_normalizer': Permission denied
rm: cannot remove '/tmp/FORGE/target/release/.fingerprint/icu_normalizer-a2767fd7323317e5/lib-icu_normalizer.json': Permission denied
rm: cannot remove '/tmp/FORGE/target/release/.fingerprint/icu_normalizer-a2767fd7323317e5/invoked.timestamp': Permission denied
rm: cannot remove '/tmp/FORGE/target/release/.fingerprint/icu_normalizer-a2767fd7323317e5/lib-icu_normalizer': Permission denied
rm: cannot remove '/tmp/FORGE/target/release/.fingerprint/version_check-56a3a7157b6d9404/dep-lib-version_check': Permission denied
rm: cannot remove '/tmp/FORGE/target/release/.fingerprint/version_check-56a3a7157b6d9404/lib-version_check': Permission denied
rm: cannot remove '/tmp/FORGE/target/release/.fingerprint/version_check-56a3a7157b6d9404/invoked.timestamp': Permission denied
rm: cannot remove '/tmp/FORGE/target/release/.fingerprint/version_check-56a3a7157b6d9404/lib-version_check.json': Permission denied
rm: cannot remove '/tmp/FORGE/target/release/.fingerprint/miniz_oxide-0b85b91fc2752f83/invoked.timestamp': Permission denied
rm: cannot remove '/tmp/FORGE/target/release/.fingerprint/miniz_oxide-0b85b91fc2752f83/dep-lib-miniz_oxide': Permission denied
rm: cannot remove '/tmp/FORGE/target/release/.fingerprint/miniz_oxide-0b85b91fc2752f83/lib-miniz_oxide': Permission denied
rm: cannot remove '/tmp/FORGE/target/release/.fingerprint/miniz_oxide-0b85b91fc2752f83/lib-miniz_oxide.json': Permission denied
rm: cannot remove '/tmp/FORGE/target/release/.fingerprint/icu_normalizer_data-deb6badd71b3a2fe/build-script-build-script-build': Permission denied
rm: cannot remove '/tmp/FORGE/target/release/.fingerprint/icu_normalizer_data-deb6badd71b3a2fe/build-script-build-script-build.json': Permission denied
rm: cannot remove '/tmp/FORGE/target/release/.fingerprint/icu_normalizer_data-deb6badd71b3a2fe/invoked.timestamp': Permission denied
rm: cannot remove '/tmp/FORGE/target/release/.fingerprint/icu_normalizer_data-deb6badd71b3a2fe/dep-build-script-build-script-build': Permission denied
rm: cannot remove '/tmp/FORGE/target/release/.fingerprint/clap_builder-48bf0e2be2ebb490/dep-lib-clap_builder': Permission denied
rm: cannot remove '/tmp/FORGE/target/release/.fingerprint/clap_builder-48bf0e2be2ebb490/lib-clap_builder.json': Permission denied
rm: cannot remove '/tmp/FORGE/target/release/.fingerprint/clap_builder-48bf0e2be2ebb490/lib-clap_builder': Permission denied
rm: cannot remove '/tmp/FORGE/target/release/.fingerprint/clap_builder-48bf0e2be2ebb490/invoked.timestamp': Permission denied
rm: cannot remove '/tmp/FORGE/target/release/.fingerprint/base64-af14bce6dbc6388d/dep-lib-base64': Permission denied
rm: cannot remove '/tmp/FORGE/target/release/.fingerprint/base64-af14bce6dbc6388d/lib-base64.json': Permission denied
rm: cannot remove '/tmp/FORGE/target/release/.fingerprint/base64-af14bce6dbc6388d/lib-base64': Permission denied
rm: cannot remove '/tmp/FORGE/target/release/.fingerprint/base64-af14bce6dbc6388d/invoked.timestamp': Permission denied
rm: cannot remove '/tmp/FORGE/target/release/.fingerprint/slacker-80eff944fae5fa76/bin-slacker.json': Permission denied
rm: cannot remove '/tmp/FORGE/target/release/.fingerprint/slacker-80eff944fae5fa76/dep-bin-slacker': Permission denied
rm: cannot remove '/tmp/FORGE/target/release/.fingerprint/slacker-80eff944fae5fa76/bin-slacker': Permission denied
rm: cannot remove '/tmp/FORGE/target/release/.fingerprint/slacker-80eff944fae5fa76/invoked.timestamp': Permission denied
rm: cannot remove '/tmp/FORGE/target/release/.fingerprint/rustls-f51c7025c7ba0264/build-script-build-script-build': Permission denied
rm: cannot remove '/tmp/FORGE/target/release/.fingerprint/rustls-f51c7025c7ba0264/build-script-build-script-build.json': Permission denied
rm: cannot remove '/tmp/FORGE/target/release/.fingerprint/rustls-f51c7025c7ba0264/invoked.timestamp': Permission denied
rm: cannot remove '/tmp/FORGE/target/release/.fingerprint/rustls-f51c7025c7ba0264/dep-build-script-build-script-build': Permission denied
rm: cannot remove '/tmp/FORGE/target/release/.fingerprint/anstyle-159aeb173a740b89/lib-anstyle': Permission denied
rm: cannot remove '/tmp/FORGE/target/release/.fingerprint/anstyle-159aeb173a740b89/lib-anstyle.json': Permission denied
rm: cannot remove '/tmp/FORGE/target/release/.fingerprint/anstyle-159aeb173a740b89/invoked.timestamp': Permission denied
rm: cannot remove '/tmp/FORGE/target/release/.fingerprint/anstyle-159aeb173a740b89/dep-lib-anstyle': Permission denied
rm: cannot remove '/tmp/FORGE/target/release/.fingerprint/strsim-687213d6b04f8917/lib-strsim': Permission denied
rm: cannot remove '/tmp/FORGE/target/release/.fingerprint/strsim-687213d6b04f8917/dep-lib-strsim': Permission denied
rm: cannot remove '/tmp/FORGE/target/release/.fingerprint/strsim-687213d6b04f8917/invoked.timestamp': Permission denied
rm: cannot remove '/tmp/FORGE/target/release/.fingerprint/strsim-687213d6b04f8917/lib-strsim.json': Permission denied
rm: cannot remove '/tmp/FORGE/target/release/.fingerprint/is_terminal_polyfill-31a399eca4fa7b33/lib-is_terminal_polyfill': Permission denied
rm: cannot remove '/tmp/FORGE/target/release/.fingerprint/is_terminal_polyfill-31a399eca4fa7b33/dep-lib-is_terminal_polyfill': Permission denied
rm: cannot remove '/tmp/FORGE/target/release/.fingerprint/is_terminal_polyfill-31a399eca4fa7b33/invoked.timestamp': Permission denied
rm: cannot remove '/tmp/FORGE/target/release/.fingerprint/is_terminal_polyfill-31a399eca4fa7b33/lib-is_terminal_polyfill.json': Permission denied
rm: cannot remove '/tmp/FORGE/target/release/.fingerprint/clap-4f148d641e1521d0/dep-lib-clap': Permission denied
rm: cannot remove '/tmp/FORGE/target/release/.fingerprint/clap-4f148d641e1521d0/lib-clap.json': Permission denied
rm: cannot remove '/tmp/FORGE/target/release/.fingerprint/clap-4f148d641e1521d0/lib-clap': Permission denied
rm: cannot remove '/tmp/FORGE/target/release/.fingerprint/clap-4f148d641e1521d0/invoked.timestamp': Permission denied
rm: cannot remove '/tmp/FORGE/target/release/.fingerprint/yoke-derive-37e000cdc296d2d3/dep-lib-yoke_derive': Permission denied
rm: cannot remove '/tmp/FORGE/target/release/.fingerprint/yoke-derive-37e000cdc296d2d3/lib-yoke_derive': Permission denied
rm: cannot remove '/tmp/FORGE/target/release/.fingerprint/yoke-derive-37e000cdc296d2d3/invoked.timestamp': Permission denied
rm: cannot remove '/tmp/FORGE/target/release/.fingerprint/yoke-derive-37e000cdc296d2d3/lib-yoke_derive.json': Permission denied
rm: cannot remove '/tmp/FORGE/target/release/.fingerprint/libc-5bbad0af923b64a5/build-script-build-script-build': Permission denied
rm: cannot remove '/tmp/FORGE/target/release/.fingerprint/libc-5bbad0af923b64a5/build-script-build-script-build.json': Permission denied
rm: cannot remove '/tmp/FORGE/target/release/.fingerprint/libc-5bbad0af923b64a5/invoked.timestamp': Permission denied
rm: cannot remove '/tmp/FORGE/target/release/.fingerprint/libc-5bbad0af923b64a5/dep-build-script-build-script-build': Permission denied
rm: cannot remove '/tmp/FORGE/target/release/.fingerprint/ring-5d59590e3eb2fdf8/run-build-script-build-script-build': Permission denied
rm: cannot remove '/tmp/FORGE/target/release/.fingerprint/ring-5d59590e3eb2fdf8/run-build-script-build-script-build.json': Permission denied
rm: cannot remove '/tmp/FORGE/target/release/.fingerprint/proc-macro2-755c3b5fe6031711/lib-proc_macro2.json': Permission denied
rm: cannot remove '/tmp/FORGE/target/release/.fingerprint/proc-macro2-755c3b5fe6031711/lib-proc_macro2': Permission denied
rm: cannot remove '/tmp/FORGE/target/release/.fingerprint/proc-macro2-755c3b5fe6031711/dep-lib-proc_macro2': Permission denied
rm: cannot remove '/tmp/FORGE/target/release/.fingerprint/proc-macro2-755c3b5fe6031711/invoked.timestamp': Permission denied
rm: cannot remove '/tmp/FORGE/target/release/.fingerprint/adler2-7f8ebd9c27a69d4e/dep-lib-adler2': Permission denied
rm: cannot remove '/tmp/FORGE/target/release/.fingerprint/adler2-7f8ebd9c27a69d4e/lib-adler2.json': Permission denied
rm: cannot remove '/tmp/FORGE/target/release/.fingerprint/adler2-7f8ebd9c27a69d4e/lib-adler2': Permission denied
rm: cannot remove '/tmp/FORGE/target/release/.fingerprint/adler2-7f8ebd9c27a69d4e/invoked.timestamp': Permission denied
rm: cannot remove '/tmp/FORGE/target/release/.fingerprint/rustls-57fb56602af864d4/run-build-script-build-script-build': Permission denied
rm: cannot remove '/tmp/FORGE/target/release/.fingerprint/rustls-57fb56602af864d4/run-build-script-build-script-build.json': Permission denied
rm: cannot remove '/tmp/FORGE/target/release/.fingerprint/crc32fast-a480455137d1b036/build-script-build-script-build': Permission denied
rm: cannot remove '/tmp/FORGE/target/release/.fingerprint/crc32fast-a480455137d1b036/build-script-build-script-build.json': Permission denied
rm: cannot remove '/tmp/FORGE/target/release/.fingerprint/crc32fast-a480455137d1b036/invoked.timestamp': Permission denied
rm: cannot remove '/tmp/FORGE/target/release/.fingerprint/crc32fast-a480455137d1b036/dep-build-script-build-script-build': Permission denied
rm: cannot remove '/tmp/FORGE/target/release/.fingerprint/yoke-9961d56c300c96b1/dep-lib-yoke': Permission denied
rm: cannot remove '/tmp/FORGE/target/release/.fingerprint/yoke-9961d56c300c96b1/invoked.timestamp': Permission denied
rm: cannot remove '/tmp/FORGE/target/release/.fingerprint/yoke-9961d56c300c96b1/lib-yoke.json': Permission denied
rm: cannot remove '/tmp/FORGE/target/release/.fingerprint/yoke-9961d56c300c96b1/lib-yoke': Permission denied
rm: cannot remove '/tmp/FORGE/target/release/.fingerprint/colorchoice-ec99e1d52044c081/lib-colorchoice': Permission denied
rm: cannot remove '/tmp/FORGE/target/release/.fingerprint/colorchoice-ec99e1d52044c081/lib-colorchoice.json': Permission denied
rm: cannot remove '/tmp/FORGE/target/release/.fingerprint/colorchoice-ec99e1d52044c081/invoked.timestamp': Permission denied
rm: cannot remove '/tmp/FORGE/target/release/.fingerprint/colorchoice-ec99e1d52044c081/dep-lib-colorchoice': Permission denied
rm: cannot remove '/tmp/FORGE/target/release/.fingerprint/untrusted-8b8c7a633989712f/lib-untrusted': Permission denied
rm: cannot remove '/tmp/FORGE/target/release/.fingerprint/untrusted-8b8c7a633989712f/dep-lib-untrusted': Permission denied
rm: cannot remove '/tmp/FORGE/target/release/.fingerprint/untrusted-8b8c7a633989712f/lib-untrusted.json': Permission denied
rm: cannot remove '/tmp/FORGE/target/release/.fingerprint/untrusted-8b8c7a633989712f/invoked.timestamp': Permission denied
rm: cannot remove '/tmp/FORGE/target/release/.fingerprint/utf8_iter-450ebf449e486b22/dep-lib-utf8_iter': Permission denied
rm: cannot remove '/tmp/FORGE/target/release/.fingerprint/utf8_iter-450ebf449e486b22/lib-utf8_iter.json': Permission denied
rm: cannot remove '/tmp/FORGE/target/release/.fingerprint/utf8_iter-450ebf449e486b22/lib-utf8_iter': Permission denied
rm: cannot remove '/tmp/FORGE/target/release/.fingerprint/utf8_iter-450ebf449e486b22/invoked.timestamp': Permission denied
rm: cannot remove '/tmp/FORGE/target/release/.fingerprint/aho-corasick-832607d91fc76ff7/lib-aho_corasick': Permission denied
rm: cannot remove '/tmp/FORGE/target/release/.fingerprint/aho-corasick-832607d91fc76ff7/dep-lib-aho_corasick': Permission denied
rm: cannot remove '/tmp/FORGE/target/release/.fingerprint/aho-corasick-832607d91fc76ff7/lib-aho_corasick.json': Permission denied
rm: cannot remove '/tmp/FORGE/target/release/.fingerprint/aho-corasick-832607d91fc76ff7/invoked.timestamp': Permission denied
rm: cannot remove '/tmp/FORGE/target/release/.fingerprint/zerovec-derive-ac107d7b6148aef3/lib-zerovec_derive': Permission denied
rm: cannot remove '/tmp/FORGE/target/release/.fingerprint/zerovec-derive-ac107d7b6148aef3/invoked.timestamp': Permission denied
rm: cannot remove '/tmp/FORGE/target/release/.fingerprint/zerovec-derive-ac107d7b6148aef3/lib-zerovec_derive.json': Permission denied
rm: cannot remove '/tmp/FORGE/target/release/.fingerprint/zerovec-derive-ac107d7b6148aef3/dep-lib-zerovec_derive': Permission denied
rm: cannot remove '/tmp/FORGE/target/release/.fingerprint/anstyle-parse-4ecc9548262b2935/dep-lib-anstyle_parse': Permission denied
rm: cannot remove '/tmp/FORGE/target/release/.fingerprint/anstyle-parse-4ecc9548262b2935/lib-anstyle_parse': Permission denied
rm: cannot remove '/tmp/FORGE/target/release/.fingerprint/anstyle-parse-4ecc9548262b2935/lib-anstyle_parse.json': Permission denied
rm: cannot remove '/tmp/FORGE/target/release/.fingerprint/anstyle-parse-4ecc9548262b2935/invoked.timestamp': Permission denied
rm: cannot remove '/tmp/FORGE/target/release/.fingerprint/regex-79efa27f222bcd05/lib-regex': Permission denied
rm: cannot remove '/tmp/FORGE/target/release/.fingerprint/regex-79efa27f222bcd05/dep-lib-regex': Permission denied
rm: cannot remove '/tmp/FORGE/target/release/.fingerprint/regex-79efa27f222bcd05/lib-regex.json': Permission denied
rm: cannot remove '/tmp/FORGE/target/release/.fingerprint/regex-79efa27f222bcd05/invoked.timestamp': Permission denied
rm: cannot remove '/tmp/FORGE/target/release/.fingerprint/zerofrom-derive-ed222961303b3f6e/lib-zerofrom_derive.json': Permission denied
rm: cannot remove '/tmp/FORGE/target/release/.fingerprint/zerofrom-derive-ed222961303b3f6e/lib-zerofrom_derive': Permission denied
rm: cannot remove '/tmp/FORGE/target/release/.fingerprint/zerofrom-derive-ed222961303b3f6e/invoked.timestamp': Permission denied
rm: cannot remove '/tmp/FORGE/target/release/.fingerprint/zerofrom-derive-ed222961303b3f6e/dep-lib-zerofrom_derive': Permission denied
rm: cannot remove '/tmp/FORGE/target/release/.fingerprint/rustls-pki-types-35b2b73c93f1359f/dep-lib-rustls_pki_types': Permission denied
rm: cannot remove '/tmp/FORGE/target/release/.fingerprint/rustls-pki-types-35b2b73c93f1359f/invoked.timestamp': Permission denied
rm: cannot remove '/tmp/FORGE/target/release/.fingerprint/rustls-pki-types-35b2b73c93f1359f/lib-rustls_pki_types': Permission denied
rm: cannot remove '/tmp/FORGE/target/release/.fingerprint/rustls-pki-types-35b2b73c93f1359f/lib-rustls_pki_types.json': Permission denied
rm: cannot remove '/tmp/FORGE/target/release/.fingerprint/simd-adler32-c80d0f9f9e3a2bec/dep-lib-simd_adler32': Permission denied
rm: cannot remove '/tmp/FORGE/target/release/.fingerprint/simd-adler32-c80d0f9f9e3a2bec/lib-simd_adler32.json': Permission denied
rm: cannot remove '/tmp/FORGE/target/release/.fingerprint/simd-adler32-c80d0f9f9e3a2bec/lib-simd_adler32': Permission denied
rm: cannot remove '/tmp/FORGE/target/release/.fingerprint/simd-adler32-c80d0f9f9e3a2bec/invoked.timestamp': Permission denied
rm: cannot remove '/tmp/FORGE/target/release/.fingerprint/crc32fast-89f5fe55f648eaae/lib-crc32fast': Permission denied
rm: cannot remove '/tmp/FORGE/target/release/.fingerprint/crc32fast-89f5fe55f648eaae/lib-crc32fast.json': Permission denied
rm: cannot remove '/tmp/FORGE/target/release/.fingerprint/crc32fast-89f5fe55f648eaae/invoked.timestamp': Permission denied
rm: cannot remove '/tmp/FORGE/target/release/.fingerprint/crc32fast-89f5fe55f648eaae/dep-lib-crc32fast': Permission denied
rm: cannot remove '/tmp/FORGE/target/release/.fingerprint/writeable-a1109790a6a1c09c/lib-writeable.json': Permission denied
rm: cannot remove '/tmp/FORGE/target/release/.fingerprint/writeable-a1109790a6a1c09c/lib-writeable': Permission denied
rm: cannot remove '/tmp/FORGE/target/release/.fingerprint/writeable-a1109790a6a1c09c/dep-lib-writeable': Permission denied
rm: cannot remove '/tmp/FORGE/target/release/.fingerprint/writeable-a1109790a6a1c09c/invoked.timestamp': Permission denied
rm: cannot remove '/tmp/FORGE/target/release/.fingerprint/subtle-dd595bf9a1b9f40a/lib-subtle': Permission denied
rm: cannot remove '/tmp/FORGE/target/release/.fingerprint/subtle-dd595bf9a1b9f40a/lib-subtle.json': Permission denied
rm: cannot remove '/tmp/FORGE/target/release/.fingerprint/subtle-dd595bf9a1b9f40a/dep-lib-subtle': Permission denied
rm: cannot remove '/tmp/FORGE/target/release/.fingerprint/subtle-dd595bf9a1b9f40a/invoked.timestamp': Permission denied
rm: cannot remove '/tmp/FORGE/target/release/.fingerprint/clap_derive-65ce44c115cbbb2e/lib-clap_derive': Permission denied
rm: cannot remove '/tmp/FORGE/target/release/.fingerprint/clap_derive-65ce44c115cbbb2e/invoked.timestamp': Permission denied
rm: cannot remove '/tmp/FORGE/target/release/.fingerprint/clap_derive-65ce44c115cbbb2e/dep-lib-clap_derive': Permission denied
rm: cannot remove '/tmp/FORGE/target/release/.fingerprint/clap_derive-65ce44c115cbbb2e/lib-clap_derive.json': Permission denied
rm: cannot remove '/tmp/FORGE/target/release/.fingerprint/cc-fb9c1ea9f121f9c1/lib-cc': Permission denied
rm: cannot remove '/tmp/FORGE/target/release/.fingerprint/cc-fb9c1ea9f121f9c1/lib-cc.json': Permission denied
rm: cannot remove '/tmp/FORGE/target/release/.fingerprint/cc-fb9c1ea9f121f9c1/dep-lib-cc': Permission denied
rm: cannot remove '/tmp/FORGE/target/release/.fingerprint/cc-fb9c1ea9f121f9c1/invoked.timestamp': Permission denied
rm: cannot remove '/tmp/FORGE/target/release/.fingerprint/ring-b01571f7208702c1/build-script-build-script-build': Permission denied
rm: cannot remove '/tmp/FORGE/target/release/.fingerprint/ring-b01571f7208702c1/build-script-build-script-build.json': Permission denied
rm: cannot remove '/tmp/FORGE/target/release/.fingerprint/ring-b01571f7208702c1/invoked.timestamp': Permission denied
rm: cannot remove '/tmp/FORGE/target/release/.fingerprint/ring-b01571f7208702c1/dep-build-script-build-script-build': Permission denied
rm: cannot remove '/tmp/FORGE/target/release/.fingerprint/icu_properties_data-44b3d7987c26b7e8/run-build-script-build-script-build': Permission denied
rm: cannot remove '/tmp/FORGE/target/release/.fingerprint/icu_properties_data-44b3d7987c26b7e8/run-build-script-build-script-build.json': Permission denied
rm: cannot remove '/tmp/FORGE/target/release/.fingerprint/zerovec-4b9490f9f48a9d66/lib-zerovec.json': Permission denied
rm: cannot remove '/tmp/FORGE/target/release/.fingerprint/zerovec-4b9490f9f48a9d66/dep-lib-zerovec': Permission denied
rm: cannot remove '/tmp/FORGE/target/release/.fingerprint/zerovec-4b9490f9f48a9d66/invoked.timestamp': Permission denied
rm: cannot remove '/tmp/FORGE/target/release/.fingerprint/zerovec-4b9490f9f48a9d66/lib-zerovec': Permission denied
rm: cannot remove '/tmp/FORGE/target/release/.fingerprint/synstructure-904a2281ff5442c4/lib-synstructure': Permission denied
rm: cannot remove '/tmp/FORGE/target/release/.fingerprint/synstructure-904a2281ff5442c4/lib-synstructure.json': Permission denied
rm: cannot remove '/tmp/FORGE/target/release/.fingerprint/synstructure-904a2281ff5442c4/dep-lib-synstructure': Permission denied
rm: cannot remove '/tmp/FORGE/target/release/.fingerprint/synstructure-904a2281ff5442c4/invoked.timestamp': Permission denied
rm: cannot remove '/tmp/FORGE/target/release/.fingerprint/regex-automata-eff5d41bc97ac7cd/dep-lib-regex_automata': Permission denied
rm: cannot remove '/tmp/FORGE/target/release/.fingerprint/regex-automata-eff5d41bc97ac7cd/lib-regex_automata.json': Permission denied
rm: cannot remove '/tmp/FORGE/target/release/.fingerprint/regex-automata-eff5d41bc97ac7cd/invoked.timestamp': Permission denied
rm: cannot remove '/tmp/FORGE/target/release/.fingerprint/regex-automata-eff5d41bc97ac7cd/lib-regex_automata': Permission denied
rm: cannot remove '/tmp/FORGE/target/release/.fingerprint/smallvec-4f82b237b92c63c2/lib-smallvec.json': Permission denied
rm: cannot remove '/tmp/FORGE/target/release/.fingerprint/smallvec-4f82b237b92c63c2/dep-lib-smallvec': Permission denied
rm: cannot remove '/tmp/FORGE/target/release/.fingerprint/smallvec-4f82b237b92c63c2/invoked.timestamp': Permission denied
rm: cannot remove '/tmp/FORGE/target/release/.fingerprint/smallvec-4f82b237b92c63c2/lib-smallvec': Permission denied
rm: cannot remove '/tmp/FORGE/target/release/.fingerprint/find-msvc-tools-aa111640acbab6fb/lib-find_msvc_tools': Permission denied
rm: cannot remove '/tmp/FORGE/target/release/.fingerprint/find-msvc-tools-aa111640acbab6fb/lib-find_msvc_tools.json': Permission denied
rm: cannot remove '/tmp/FORGE/target/release/.fingerprint/find-msvc-tools-aa111640acbab6fb/dep-lib-find_msvc_tools': Permission denied
rm: cannot remove '/tmp/FORGE/target/release/.fingerprint/find-msvc-tools-aa111640acbab6fb/invoked.timestamp': Permission denied
rm: cannot remove '/tmp/FORGE/target/.rustc_info.json': Permission denied
rm: cannot remove '/tmp/FORGE/target/debug/.cargo-lock': Permission denied
rm: cannot remove '/tmp/FORGE/target/debug/.cargo-artifact-lock': Permission denied
rm: cannot remove '/tmp/FORGE/target/debug/deps/libzeroize-93327f9adc8f2cbf.rlib': Permission denied
rm: cannot remove '/tmp/FORGE/target/debug/deps/libgetrandom-705f8819c2a6a021.rmeta': Permission denied
rm: cannot remove '/tmp/FORGE/target/debug/deps/libwebpki-82314e5d90fd7e1c.rmeta': Permission denied
rm: cannot remove '/tmp/FORGE/target/debug/deps/libcfg_if-0f1654ad8a27961a.rmeta': Permission denied
rm: cannot remove '/tmp/FORGE/target/debug/deps/clap_derive-19262b894daa911c.d': Permission denied
rm: cannot remove '/tmp/FORGE/target/debug/deps/block_buffer-bac7b804c58dddc9.d': Permission denied
rm: cannot remove '/tmp/FORGE/target/debug/deps/zeroize-93327f9adc8f2cbf.d': Permission denied
rm: cannot remove '/tmp/FORGE/target/debug/deps/miniz_oxide-8907e0b169191d4b.d': Permission denied
rm: cannot remove '/tmp/FORGE/target/debug/deps/libdigest-8206b6aaa8c578a6.rlib': Permission denied
rm: cannot remove '/tmp/FORGE/target/debug/deps/libanstream-57a2aae843ec15f4.rmeta': Permission denied
rm: cannot remove '/tmp/FORGE/target/debug/deps/getrandom-705f8819c2a6a021.d': Permission denied
rm: cannot remove '/tmp/FORGE/target/debug/deps/libicu_normalizer_data-a5f8018e521273cb.rmeta': Permission denied
rm: cannot remove '/tmp/FORGE/target/debug/deps/clap_builder-d50c52c970bf81e5.d': Permission denied
rm: cannot remove '/tmp/FORGE/target/debug/deps/libicu_provider-221818aaad041ed9.rlib': Permission denied
rm: cannot remove '/tmp/FORGE/target/debug/deps/find_msvc_tools-8ea0226f23c5fd8a.d': Permission denied
rm: cannot remove '/tmp/FORGE/target/debug/deps/crc32fast-b9a4442fd7060e9b.d': Permission denied
rm: cannot remove '/tmp/FORGE/target/debug/deps/icu_properties-8b84364b8060cf28.d': Permission denied
rm: cannot remove '/tmp/FORGE/target/debug/deps/libquote-5ebdcda06be29d6c.rlib': Permission denied
rm: cannot remove '/tmp/FORGE/target/debug/deps/liblibc-39db4bdda4d40754.rmeta': Permission denied
rm: cannot remove '/tmp/FORGE/target/debug/deps/displaydoc-1114b40245e20844.d': Permission denied
rm: cannot remove '/tmp/FORGE/target/debug/deps/libheck-29ba753d8eb09f10.rmeta': Permission denied
rm: cannot remove '/tmp/FORGE/target/debug/deps/libregex_automata-0688364fd68e4658.rmeta': Permission denied
rm: cannot remove '/tmp/FORGE/target/debug/deps/librustls-aeebe3e66f21a5d7.rmeta': Permission denied
rm: cannot remove '/tmp/FORGE/target/debug/deps/libregex_automata-0688364fd68e4658.rlib': Permission denied
rm: cannot remove '/tmp/FORGE/target/debug/deps/clap_lex-b199fa12fb478eae.d': Permission denied
rm: cannot remove '/tmp/FORGE/target/debug/deps/libzerofrom-b58cac360bf99908.rlib': Permission denied
rm: cannot remove '/tmp/FORGE/target/debug/deps/libsubtle-75ad33c22a2b59c3.rlib': Permission denied
rm: cannot remove '/tmp/FORGE/target/debug/deps/libtypenum-21a7f388e9ff2c6c.rlib': Permission denied
rm: cannot remove '/tmp/FORGE/target/debug/deps/libutf8_iter-2875d34773dc383b.rlib': Permission denied
rm: cannot remove '/tmp/FORGE/target/debug/deps/libversion_check-7f60833497f9b111.rlib': Permission denied
rm: cannot remove '/tmp/FORGE/target/debug/deps/webpki_roots-a50e5d98abf03d2e.d': Permission denied
rm: cannot remove '/tmp/FORGE/target/debug/deps/percent_encoding-68cde1227eb1fcf0.d': Permission denied
rm: cannot remove '/tmp/FORGE/target/debug/deps/libfind_msvc_tools-8ea0226f23c5fd8a.rmeta': Permission denied
rm: cannot remove '/tmp/FORGE/target/debug/deps/digest-8206b6aaa8c578a6.d': Permission denied
rm: cannot remove '/tmp/FORGE/target/debug/deps/strsim-fe43c73a5b4cb1df.d': Permission denied
rm: cannot remove '/tmp/FORGE/target/debug/deps/libclap_builder-d50c52c970bf81e5.rlib': Permission denied
rm: cannot remove '/tmp/FORGE/target/debug/deps/libicu_collections-9b72fbb20b152eb1.rlib': Permission denied
rm: cannot remove '/tmp/FORGE/target/debug/deps/libcrc32fast-b9a4442fd7060e9b.rlib': Permission denied
rm: cannot remove '/tmp/FORGE/target/debug/deps/librustls_pki_types-cd3c26d743e7f687.rlib': Permission denied
rm: cannot remove '/tmp/FORGE/target/debug/deps/slacker-c5560acfd55c32b0': Permission denied
rm: cannot remove '/tmp/FORGE/target/debug/deps/libutf8parse-6502aed76ad5e728.rlib': Permission denied
rm: cannot remove '/tmp/FORGE/target/debug/deps/ureq-0767e12762ac4f9b.d': Permission denied
rm: cannot remove '/tmp/FORGE/target/debug/deps/libcrypto_common-00c77bbcbaffc2da.rmeta': Permission denied
rm: cannot remove '/tmp/FORGE/target/debug/deps/libgeneric_array-8b6ddf3be59df0f5.rmeta': Permission denied
rm: cannot remove '/tmp/FORGE/target/debug/deps/zerofrom-b58cac360bf99908.d': Permission denied
rm: cannot remove '/tmp/FORGE/target/debug/deps/libcfg_if-0f1654ad8a27961a.rlib': Permission denied
rm: cannot remove '/tmp/FORGE/target/debug/deps/libmemchr-7ea91d5b70c51093.rmeta': Permission denied
rm: cannot remove '/tmp/FORGE/target/debug/deps/libzerofrom_derive-a5f20f6c6217da0b.so': Permission denied
rm: cannot remove '/tmp/FORGE/target/debug/deps/libanstyle-bb80be43da43ad51.rmeta': Permission denied
rm: cannot remove '/tmp/FORGE/target/debug/deps/libpotential_utf-e3c004e28ac9f984.rlib': Permission denied
rm: cannot remove '/tmp/FORGE/target/debug/deps/libureq-0767e12762ac4f9b.rlib': Permission denied
rm: cannot remove '/tmp/FORGE/target/debug/deps/libclap_lex-b199fa12fb478eae.rmeta': Permission denied
rm: cannot remove '/tmp/FORGE/target/debug/deps/potential_utf-e3c004e28ac9f984.d': Permission denied
rm: cannot remove '/tmp/FORGE/target/debug/deps/libregex-af26200ef0f30808.rlib': Permission denied
rm: cannot remove '/tmp/FORGE/target/debug/deps/libmemchr-7ea91d5b70c51093.rlib': Permission denied
rm: cannot remove '/tmp/FORGE/target/debug/deps/libwebpki_roots-a50e5d98abf03d2e.rlib': Permission denied
rm: cannot remove '/tmp/FORGE/target/debug/deps/libflate2-429a7157a50fbfd3.rlib': Permission denied
rm: cannot remove '/tmp/FORGE/target/debug/deps/libc-39db4bdda4d40754.d': Permission denied
rm: cannot remove '/tmp/FORGE/target/debug/deps/libicu_properties-8b84364b8060cf28.rlib': Permission denied
rm: cannot remove '/tmp/FORGE/target/debug/deps/libanstyle_parse-6828f61580c72723.rlib': Permission denied
rm: cannot remove '/tmp/FORGE/target/debug/deps/libsyn-eb7077c96f82c55b.rlib': Permission denied
rm: cannot remove '/tmp/FORGE/target/debug/deps/libclap-c73861922df6aa1f.rlib': Permission denied
rm: cannot remove '/tmp/FORGE/target/debug/deps/libblock_buffer-bac7b804c58dddc9.rmeta': Permission denied
rm: cannot remove '/tmp/FORGE/target/debug/deps/libadler2-36e531a8eec92d4d.rmeta': Permission denied
rm: cannot remove '/tmp/FORGE/target/debug/deps/libadler2-36e531a8eec92d4d.rlib': Permission denied
rm: cannot remove '/tmp/FORGE/target/debug/deps/libonce_cell-f17a9fee07f43c3e.rmeta': Permission denied
rm: cannot remove '/tmp/FORGE/target/debug/deps/smallvec-f3427b6d09875680.d': Permission denied
rm: cannot remove '/tmp/FORGE/target/debug/deps/libicu_normalizer-73ff296363796498.rlib': Permission denied
rm: cannot remove '/tmp/FORGE/target/debug/deps/libonce_cell-f17a9fee07f43c3e.rlib': Permission denied
rm: cannot remove '/tmp/FORGE/target/debug/deps/shlex-700b3836f39d9d7c.d': Permission denied
rm: cannot remove '/tmp/FORGE/target/debug/deps/libquote-5ebdcda06be29d6c.rmeta': Permission denied
rm: cannot remove '/tmp/FORGE/target/debug/deps/stable_deref_trait-b179b2a75725a5d2.d': Permission denied
rm: cannot remove '/tmp/FORGE/target/debug/deps/libzerotrie-c00f21725a0d310a.rmeta': Permission denied
rm: cannot remove '/tmp/FORGE/target/debug/deps/libsmallvec-f3427b6d09875680.rmeta': Permission denied
rm: cannot remove '/tmp/FORGE/target/debug/deps/libflate2-429a7157a50fbfd3.rmeta': Permission denied
rm: cannot remove '/tmp/FORGE/target/debug/deps/libsimd_adler32-b7093f36a00a28a0.rlib': Permission denied
rm: cannot remove '/tmp/FORGE/target/debug/deps/md5-84aa426246b2a390.d': Permission denied
rm: cannot remove '/tmp/FORGE/target/debug/deps/subtle-75ad33c22a2b59c3.d': Permission denied
rm: cannot remove '/tmp/FORGE/target/debug/deps/libaho_corasick-f4ae542d732a861e.rmeta': Permission denied
rm: cannot remove '/tmp/FORGE/target/debug/deps/unicode_ident-e575fae9723bba62.d': Permission denied
rm: cannot remove '/tmp/FORGE/target/debug/deps/libis_terminal_polyfill-64a0658ea9fa8d74.rlib': Permission denied
rm: cannot remove '/tmp/FORGE/target/debug/deps/libshlex-700b3836f39d9d7c.rlib': Permission denied
rm: cannot remove '/tmp/FORGE/target/debug/deps/libpotential_utf-e3c004e28ac9f984.rmeta': Permission denied
rm: cannot remove '/tmp/FORGE/target/debug/deps/libanstyle_query-ee9d415ed91af381.rmeta': Permission denied
rm: cannot remove '/tmp/FORGE/target/debug/deps/icu_properties_data-bfb3f8779a8e8611.d': Permission denied
rm: cannot remove '/tmp/FORGE/target/debug/deps/zerotrie-c00f21725a0d310a.d': Permission denied
rm: cannot remove '/tmp/FORGE/target/debug/deps/once_cell-f17a9fee07f43c3e.d': Permission denied
rm: cannot remove '/tmp/FORGE/target/debug/deps/log-8dd3bd2edce6d634.d': Permission denied
rm: cannot remove '/tmp/FORGE/target/debug/deps/synstructure-15ff8a89237f4156.d': Permission denied
rm: cannot remove '/tmp/FORGE/target/debug/deps/libidna-f234678e370ff7af.rmeta': Permission denied
rm: cannot remove '/tmp/FORGE/target/debug/deps/liblibc-39db4bdda4d40754.rlib': Permission denied
rm: cannot remove '/tmp/FORGE/target/debug/deps/libminiz_oxide-8907e0b169191d4b.rmeta': Permission denied
rm: cannot remove '/tmp/FORGE/target/debug/deps/libwriteable-353aafef569bd9d3.rmeta': Permission denied
rm: cannot remove '/tmp/FORGE/target/debug/deps/libicu_properties_data-bfb3f8779a8e8611.rmeta': Permission denied
rm: cannot remove '/tmp/FORGE/target/debug/deps/libidna-f234678e370ff7af.rlib': Permission denied
rm: cannot remove '/tmp/FORGE/target/debug/deps/libutf8parse-6502aed76ad5e728.rmeta': Permission denied
rm: cannot remove '/tmp/FORGE/target/debug/deps/libanstyle_parse-6828f61580c72723.rmeta': Permission denied
rm: cannot remove '/tmp/FORGE/target/debug/deps/libpercent_encoding-68cde1227eb1fcf0.rlib': Permission denied
rm: cannot remove '/tmp/FORGE/target/debug/deps/idna_adapter-5205db1d1f8ed9b6.d': Permission denied
rm: cannot remove '/tmp/FORGE/target/debug/deps/libuntrusted-0734013cf5cc7a79.rmeta': Permission denied
rm: cannot remove '/tmp/FORGE/target/debug/deps/libregex_syntax-64f87345d0c507de.rlib': Permission denied
rm: cannot remove '/tmp/FORGE/target/debug/deps/libsimd_adler32-b7093f36a00a28a0.rmeta': Permission denied
rm: cannot remove '/tmp/FORGE/target/debug/deps/libwebpki_roots-eb1532ec36a0d287.rmeta': Permission denied
rm: cannot remove '/tmp/FORGE/target/debug/deps/libzerovec-558669777918722a.rlib': Permission denied
rm: cannot remove '/tmp/FORGE/target/debug/deps/liburl-ecdbb4989af3b971.rlib': Permission denied
rm: cannot remove '/tmp/FORGE/target/debug/deps/icu_collections-9b72fbb20b152eb1.d': Permission denied
rm: cannot remove '/tmp/FORGE/target/debug/deps/libcrc32fast-b9a4442fd7060e9b.rmeta': Permission denied
rm: cannot remove '/tmp/FORGE/target/debug/deps/generic_array-8b6ddf3be59df0f5.d': Permission denied
rm: cannot remove '/tmp/FORGE/target/debug/deps/quote-5ebdcda06be29d6c.d': Permission denied
rm: cannot remove '/tmp/FORGE/target/debug/deps/webpki-82314e5d90fd7e1c.d': Permission denied
rm: cannot remove '/tmp/FORGE/target/debug/deps/libclap_derive-19262b894daa911c.so': Permission denied
rm: cannot remove '/tmp/FORGE/target/debug/deps/yoke-b612b5722b71446a.d': Permission denied
rm: cannot remove '/tmp/FORGE/target/debug/deps/libclap_builder-d50c52c970bf81e5.rmeta': Permission denied
rm: cannot remove '/tmp/FORGE/target/debug/deps/libyoke-b612b5722b71446a.rmeta': Permission denied
rm: cannot remove '/tmp/FORGE/target/debug/deps/libdisplaydoc-1114b40245e20844.so': Permission denied
rm: cannot remove '/tmp/FORGE/target/debug/deps/libgetrandom-705f8819c2a6a021.rlib': Permission denied
rm: cannot remove '/tmp/FORGE/target/debug/deps/version_check-7f60833497f9b111.d': Permission denied
rm: cannot remove '/tmp/FORGE/target/debug/deps/libproc_macro2-51c8a0fdcae833df.rlib': Permission denied
rm: cannot remove '/tmp/FORGE/target/debug/deps/colorchoice-a2ad5875f67929d1.d': Permission denied
rm: cannot remove '/tmp/FORGE/target/debug/deps/libzerovec-558669777918722a.rmeta': Permission denied
rm: cannot remove '/tmp/FORGE/target/debug/deps/regex_automata-0688364fd68e4658.d': Permission denied
rm: cannot remove '/tmp/FORGE/target/debug/deps/libanstream-57a2aae843ec15f4.rlib': Permission denied
rm: cannot remove '/tmp/FORGE/target/debug/deps/libcrypto_common-00c77bbcbaffc2da.rlib': Permission denied
rm: cannot remove '/tmp/FORGE/target/debug/deps/liblog-8dd3bd2edce6d634.rmeta': Permission denied
rm: cannot remove '/tmp/FORGE/target/debug/deps/liblog-8dd3bd2edce6d634.rlib': Permission denied
rm: cannot remove '/tmp/FORGE/target/debug/deps/typenum-21a7f388e9ff2c6c.d': Permission denied
rm: cannot remove '/tmp/FORGE/target/debug/deps/zerovec_derive-f707f60e91b10b54.d': Permission denied
rm: cannot remove '/tmp/FORGE/target/debug/deps/is_terminal_polyfill-64a0658ea9fa8d74.d': Permission denied
rm: cannot remove '/tmp/FORGE/target/debug/deps/writeable-353aafef569bd9d3.d': Permission denied
rm: cannot remove '/tmp/FORGE/target/debug/deps/liblitemap-851dee8f8f31306a.rlib': Permission denied
rm: cannot remove '/tmp/FORGE/target/debug/deps/libaho_corasick-f4ae542d732a861e.rlib': Permission denied
rm: cannot remove '/tmp/FORGE/target/debug/deps/rustls_pki_types-cd3c26d743e7f687.d': Permission denied
rm: cannot remove '/tmp/FORGE/target/debug/deps/simd_adler32-b7093f36a00a28a0.d': Permission denied
rm: cannot remove '/tmp/FORGE/target/debug/deps/heck-29ba753d8eb09f10.d': Permission denied
rm: cannot remove '/tmp/FORGE/target/debug/deps/libshlex-700b3836f39d9d7c.rmeta': Permission denied
rm: cannot remove '/tmp/FORGE/target/debug/deps/libproc_macro2-51c8a0fdcae833df.rmeta': Permission denied
rm: cannot remove '/tmp/FORGE/target/debug/deps/libzerofrom-b58cac360bf99908.rmeta': Permission denied
rm: cannot remove '/tmp/FORGE/target/debug/deps/libring-8a49001fb63cf758.rlib': Permission denied
rm: cannot remove '/tmp/FORGE/target/debug/deps/regex-af26200ef0f30808.d': Permission denied
rm: cannot remove '/tmp/FORGE/target/debug/deps/libcolorchoice-a2ad5875f67929d1.rmeta': Permission denied
rm: cannot remove '/tmp/FORGE/target/debug/deps/libbase64-d3e939b531184b6d.rmeta': Permission denied
rm: cannot remove '/tmp/FORGE/target/debug/deps/libversion_check-7f60833497f9b111.rmeta': Permission denied
rm: cannot remove '/tmp/FORGE/target/debug/deps/anstyle_query-ee9d415ed91af381.d': Permission denied
rm: cannot remove '/tmp/FORGE/target/debug/deps/libclap_lex-b199fa12fb478eae.rlib': Permission denied
rm: cannot remove '/tmp/FORGE/target/debug/deps/proc_macro2-51c8a0fdcae833df.d': Permission denied
rm: cannot remove '/tmp/FORGE/target/debug/deps/syn-eb7077c96f82c55b.d': Permission denied
rm: cannot remove '/tmp/FORGE/target/debug/deps/slacker-c5560acfd55c32b0.d': Permission denied
rm: cannot remove '/tmp/FORGE/target/debug/deps/libwriteable-353aafef569bd9d3.rlib': Permission denied
rm: cannot remove '/tmp/FORGE/target/debug/deps/memchr-7ea91d5b70c51093.d': Permission denied
rm: cannot remove '/tmp/FORGE/target/debug/deps/clap-c73861922df6aa1f.d': Permission denied
rm: cannot remove '/tmp/FORGE/target/debug/deps/libidna_adapter-5205db1d1f8ed9b6.rmeta': Permission denied
rm: cannot remove '/tmp/FORGE/target/debug/deps/libsynstructure-15ff8a89237f4156.rmeta': Permission denied
rm: cannot remove '/tmp/FORGE/target/debug/deps/libicu_locale_core-a024f0652764d7f4.rmeta': Permission denied
rm: cannot remove '/tmp/FORGE/target/debug/deps/ring-8a49001fb63cf758.d': Permission denied
rm: cannot remove '/tmp/FORGE/target/debug/deps/cc-a0d83c1465747b39.d': Permission denied
rm: cannot remove '/tmp/FORGE/target/debug/deps/libcc-a0d83c1465747b39.rmeta': Permission denied
rm: cannot remove '/tmp/FORGE/target/debug/deps/libidna_adapter-5205db1d1f8ed9b6.rlib': Permission denied
rm: cannot remove '/tmp/FORGE/target/debug/deps/libminiz_oxide-8907e0b169191d4b.rlib': Permission denied
rm: cannot remove '/tmp/FORGE/target/debug/deps/libsyn-eb7077c96f82c55b.rmeta': Permission denied
rm: cannot remove '/tmp/FORGE/target/debug/deps/libicu_normalizer-73ff296363796498.rmeta': Permission denied
rm: cannot remove '/tmp/FORGE/target/debug/deps/libuntrusted-0734013cf5cc7a79.rlib': Permission denied
rm: cannot remove '/tmp/FORGE/target/debug/deps/libzeroize-93327f9adc8f2cbf.rmeta': Permission denied
rm: cannot remove '/tmp/FORGE/target/debug/deps/libzerovec_derive-f707f60e91b10b54.so': Permission denied
rm: cannot remove '/tmp/FORGE/target/debug/deps/libunicode_ident-e575fae9723bba62.rlib': Permission denied
rm: cannot remove '/tmp/FORGE/target/debug/deps/libanstyle_query-ee9d415ed91af381.rlib': Permission denied
rm: cannot remove '/tmp/FORGE/target/debug/deps/libbase64-d3e939b531184b6d.rlib': Permission denied
rm: cannot remove '/tmp/FORGE/target/debug/deps/libicu_collections-9b72fbb20b152eb1.rmeta': Permission denied
rm: cannot remove '/tmp/FORGE/target/debug/deps/libmd5-84aa426246b2a390.rlib': Permission denied
rm: cannot remove '/tmp/FORGE/target/debug/deps/libclap-c73861922df6aa1f.rmeta': Permission denied
rm: cannot remove '/tmp/FORGE/target/debug/deps/libwebpki-82314e5d90fd7e1c.rlib': Permission denied
rm: cannot remove '/tmp/FORGE/target/debug/deps/untrusted-0734013cf5cc7a79.d': Permission denied
rm: cannot remove '/tmp/FORGE/target/debug/deps/libureq-0767e12762ac4f9b.rmeta': Permission denied
rm: cannot remove '/tmp/FORGE/target/debug/deps/libmd5-84aa426246b2a390.rmeta': Permission denied
rm: cannot remove '/tmp/FORGE/target/debug/deps/libanstyle-bb80be43da43ad51.rlib': Permission denied
rm: cannot remove '/tmp/FORGE/target/debug/deps/libblock_buffer-bac7b804c58dddc9.rlib': Permission denied
rm: cannot remove '/tmp/FORGE/target/debug/deps/idna-f234678e370ff7af.d': Permission denied
rm: cannot remove '/tmp/FORGE/target/debug/deps/icu_provider-221818aaad041ed9.d': Permission denied
rm: cannot remove '/tmp/FORGE/target/debug/deps/libstable_deref_trait-b179b2a75725a5d2.rmeta': Permission denied
rm: cannot remove '/tmp/FORGE/target/debug/deps/icu_normalizer_data-a5f8018e521273cb.d': Permission denied
rm: cannot remove '/tmp/FORGE/target/debug/deps/librustls_pki_types-cd3c26d743e7f687.rmeta': Permission denied
rm: cannot remove '/tmp/FORGE/target/debug/deps/libstrsim-fe43c73a5b4cb1df.rmeta': Permission denied
rm: cannot remove '/tmp/FORGE/target/debug/deps/librustls-aeebe3e66f21a5d7.rlib': Permission denied
rm: cannot remove '/tmp/FORGE/target/debug/deps/libtypenum-21a7f388e9ff2c6c.rmeta': Permission denied
rm: cannot remove '/tmp/FORGE/target/debug/deps/icu_normalizer-73ff296363796498.d': Permission denied
rm: cannot remove '/tmp/FORGE/target/debug/deps/libunicode_ident-e575fae9723bba62.rmeta': Permission denied
rm: cannot remove '/tmp/FORGE/target/debug/deps/webpki_roots-eb1532ec36a0d287.d': Permission denied
rm: cannot remove '/tmp/FORGE/target/debug/deps/litemap-851dee8f8f31306a.d': Permission denied
rm: cannot remove '/tmp/FORGE/target/debug/deps/libicu_properties_data-bfb3f8779a8e8611.rlib': Permission denied
rm: cannot remove '/tmp/FORGE/target/debug/deps/crypto_common-00c77bbcbaffc2da.d': Permission denied
rm: cannot remove '/tmp/FORGE/target/debug/deps/libyoke_derive-135683d5e55cb6d7.so': Permission denied
rm: cannot remove '/tmp/FORGE/target/debug/deps/flate2-429a7157a50fbfd3.d': Permission denied
rm: cannot remove '/tmp/FORGE/target/debug/deps/libgeneric_array-8b6ddf3be59df0f5.rlib': Permission denied
rm: cannot remove '/tmp/FORGE/target/debug/deps/libform_urlencoded-c723f858cd92c656.rlib': Permission denied
rm: cannot remove '/tmp/FORGE/target/debug/deps/utf8parse-6502aed76ad5e728.d': Permission denied
rm: cannot remove '/tmp/FORGE/target/debug/deps/libregex-af26200ef0f30808.rmeta': Permission denied
rm: cannot remove '/tmp/FORGE/target/debug/deps/libis_terminal_polyfill-64a0658ea9fa8d74.rmeta': Permission denied
rm: cannot remove '/tmp/FORGE/target/debug/deps/libform_urlencoded-c723f858cd92c656.rmeta': Permission denied
rm: cannot remove '/tmp/FORGE/target/debug/deps/utf8_iter-2875d34773dc383b.d': Permission denied
rm: cannot remove '/tmp/FORGE/target/debug/deps/rustls-aeebe3e66f21a5d7.d': Permission denied
rm: cannot remove '/tmp/FORGE/target/debug/deps/regex_syntax-64f87345d0c507de.d': Permission denied
rm: cannot remove '/tmp/FORGE/target/debug/deps/libicu_locale_core-a024f0652764d7f4.rlib': Permission denied
rm: cannot remove '/tmp/FORGE/target/debug/deps/yoke_derive-135683d5e55cb6d7.d': Permission denied
rm: cannot remove '/tmp/FORGE/target/debug/deps/libfind_msvc_tools-8ea0226f23c5fd8a.rlib': Permission denied
rm: cannot remove '/tmp/FORGE/target/debug/deps/liblitemap-851dee8f8f31306a.rmeta': Permission denied
rm: cannot remove '/tmp/FORGE/target/debug/deps/tinystr-5eba9f15ac8bc1b7.d': Permission denied
rm: cannot remove '/tmp/FORGE/target/debug/deps/libicu_normalizer_data-a5f8018e521273cb.rlib': Permission denied
rm: cannot remove '/tmp/FORGE/target/debug/deps/anstyle-bb80be43da43ad51.d': Permission denied
rm: cannot remove '/tmp/FORGE/target/debug/deps/libsubtle-75ad33c22a2b59c3.rmeta': Permission denied
rm: cannot remove '/tmp/FORGE/target/debug/deps/zerovec-558669777918722a.d': Permission denied
rm: cannot remove '/tmp/FORGE/target/debug/deps/libicu_properties-8b84364b8060cf28.rmeta': Permission denied
rm: cannot remove '/tmp/FORGE/target/debug/deps/libsynstructure-15ff8a89237f4156.rlib': Permission denied
rm: cannot remove '/tmp/FORGE/target/debug/deps/form_urlencoded-c723f858cd92c656.d': Permission denied
rm: cannot remove '/tmp/FORGE/target/debug/deps/zerofrom_derive-a5f20f6c6217da0b.d': Permission denied
rm: cannot remove '/tmp/FORGE/target/debug/deps/icu_locale_core-a024f0652764d7f4.d': Permission denied
rm: cannot remove '/tmp/FORGE/target/debug/deps/libtinystr-5eba9f15ac8bc1b7.rlib': Permission denied
rm: cannot remove '/tmp/FORGE/target/debug/deps/libcc-a0d83c1465747b39.rlib': Permission denied
rm: cannot remove '/tmp/FORGE/target/debug/deps/libdigest-8206b6aaa8c578a6.rmeta': Permission denied
rm: cannot remove '/tmp/FORGE/target/debug/deps/base64-d3e939b531184b6d.d': Permission denied
rm: cannot remove '/tmp/FORGE/target/debug/deps/cfg_if-0f1654ad8a27961a.d': Permission denied
rm: cannot remove '/tmp/FORGE/target/debug/deps/libutf8_iter-2875d34773dc383b.rmeta': Permission denied
rm: cannot remove '/tmp/FORGE/target/debug/deps/libyoke-b612b5722b71446a.rlib': Permission denied
rm: cannot remove '/tmp/FORGE/target/debug/deps/anstream-57a2aae843ec15f4.d': Permission denied
rm: cannot remove '/tmp/FORGE/target/debug/deps/url-ecdbb4989af3b971.d': Permission denied
rm: cannot remove '/tmp/FORGE/target/debug/deps/libcolorchoice-a2ad5875f67929d1.rlib': Permission denied
rm: cannot remove '/tmp/FORGE/target/debug/deps/libtinystr-5eba9f15ac8bc1b7.rmeta': Permission denied
rm: cannot remove '/tmp/FORGE/target/debug/deps/libregex_syntax-64f87345d0c507de.rmeta': Permission denied
rm: cannot remove '/tmp/FORGE/target/debug/deps/libzerotrie-c00f21725a0d310a.rlib': Permission denied
rm: cannot remove '/tmp/FORGE/target/debug/deps/anstyle_parse-6828f61580c72723.d': Permission denied
rm: cannot remove '/tmp/FORGE/target/debug/deps/adler2-36e531a8eec92d4d.d': Permission denied
rm: cannot remove '/tmp/FORGE/target/debug/deps/aho_corasick-f4ae542d732a861e.d': Permission denied
rm: cannot remove '/tmp/FORGE/target/debug/deps/liburl-ecdbb4989af3b971.rmeta': Permission denied
rm: cannot remove '/tmp/FORGE/target/debug/deps/libpercent_encoding-68cde1227eb1fcf0.rmeta': Permission denied
rm: cannot remove '/tmp/FORGE/target/debug/deps/libicu_provider-221818aaad041ed9.rmeta': Permission denied
rm: cannot remove '/tmp/FORGE/target/debug/deps/libheck-29ba753d8eb09f10.rlib': Permission denied
rm: cannot remove '/tmp/FORGE/target/debug/deps/libwebpki_roots-a50e5d98abf03d2e.rmeta': Permission denied
rm: cannot remove '/tmp/FORGE/target/debug/deps/libwebpki_roots-eb1532ec36a0d287.rlib': Permission denied
rm: cannot remove '/tmp/FORGE/target/debug/deps/libring-8a49001fb63cf758.rmeta': Permission denied
rm: cannot remove '/tmp/FORGE/target/debug/deps/libsmallvec-f3427b6d09875680.rlib': Permission denied
rm: cannot remove '/tmp/FORGE/target/debug/deps/libstrsim-fe43c73a5b4cb1df.rlib': Permission denied
rm: cannot remove '/tmp/FORGE/target/debug/deps/libstable_deref_trait-b179b2a75725a5d2.rlib': Permission denied
rm: cannot remove '/tmp/FORGE/target/debug/incremental/slacker-1ehkwvlsxfd2d/s-hk51c71knu-1ni8tqi-1hr40iqp35lgkscncmkkgb2nf/dnmfm7mrm2vxvgslddp6csgwy.o': Permission denied
rm: cannot remove '/tmp/FORGE/target/debug/incremental/slacker-1ehkwvlsxfd2d/s-hk51c71knu-1ni8tqi-1hr40iqp35lgkscncmkkgb2nf/57u8vmk9bl8jmi1a1vj8ct24a.o': Permission denied
rm: cannot remove '/tmp/FORGE/target/debug/incremental/slacker-1ehkwvlsxfd2d/s-hk51c71knu-1ni8tqi-1hr40iqp35lgkscncmkkgb2nf/7wzgxxyxown8l7cbid5t7kzvv.o': Permission denied
rm: cannot remove '/tmp/FORGE/target/debug/incremental/slacker-1ehkwvlsxfd2d/s-hk51c71knu-1ni8tqi-1hr40iqp35lgkscncmkkgb2nf/e12k6l62f9w7bx2whmi2vugyr.o': Permission denied
rm: cannot remove '/tmp/FORGE/target/debug/incremental/slacker-1ehkwvlsxfd2d/s-hk51c71knu-1ni8tqi-1hr40iqp35lgkscncmkkgb2nf/cjh42rw3846211ya4qbnzj73k.o': Permission denied
rm: cannot remove '/tmp/FORGE/target/debug/incremental/slacker-1ehkwvlsxfd2d/s-hk51c71knu-1ni8tqi-1hr40iqp35lgkscncmkkgb2nf/3i8y8i1vocvquzv8bwbea6p55.o': Permission denied
rm: cannot remove '/tmp/FORGE/target/debug/incremental/slacker-1ehkwvlsxfd2d/s-hk51c71knu-1ni8tqi-1hr40iqp35lgkscncmkkgb2nf/9bweepfx246eq116f8vkpcbxn.o': Permission denied
rm: cannot remove '/tmp/FORGE/target/debug/incremental/slacker-1ehkwvlsxfd2d/s-hk51c71knu-1ni8tqi-1hr40iqp35lgkscncmkkgb2nf/3yu9l8kya5bmluw2nk9tliare.o': Permission denied
rm: cannot remove '/tmp/FORGE/target/debug/incremental/slacker-1ehkwvlsxfd2d/s-hk51c71knu-1ni8tqi-1hr40iqp35lgkscncmkkgb2nf/7c5xt6f8u8m3xx48whd1kr7s3.o': Permission denied
rm: cannot remove '/tmp/FORGE/target/debug/incremental/slacker-1ehkwvlsxfd2d/s-hk51c71knu-1ni8tqi-1hr40iqp35lgkscncmkkgb2nf/1p7r8m0gbplh5jy6ef5jtloht.o': Permission denied
rm: cannot remove '/tmp/FORGE/target/debug/incremental/slacker-1ehkwvlsxfd2d/s-hk51c71knu-1ni8tqi-1hr40iqp35lgkscncmkkgb2nf/0owhay3vf5q0thuag5zfqc1a2.o': Permission denied
rm: cannot remove '/tmp/FORGE/target/debug/incremental/slacker-1ehkwvlsxfd2d/s-hk51c71knu-1ni8tqi-1hr40iqp35lgkscncmkkgb2nf/999ptv2nkonjastg8jr6bdkjp.o': Permission denied
rm: cannot remove '/tmp/FORGE/target/debug/incremental/slacker-1ehkwvlsxfd2d/s-hk51c71knu-1ni8tqi-1hr40iqp35lgkscncmkkgb2nf/1nogeyclfafjyzx9raprfygje.o': Permission denied
rm: cannot remove '/tmp/FORGE/target/debug/incremental/slacker-1ehkwvlsxfd2d/s-hk51c71knu-1ni8tqi-1hr40iqp35lgkscncmkkgb2nf/a5oky056uw9bonggyag9pmq98.o': Permission denied
rm: cannot remove '/tmp/FORGE/target/debug/incremental/slacker-1ehkwvlsxfd2d/s-hk51c71knu-1ni8tqi-1hr40iqp35lgkscncmkkgb2nf/1sfse5x5bwmro8a8wyzkyge9a.o': Permission denied
rm: cannot remove '/tmp/FORGE/target/debug/incremental/slacker-1ehkwvlsxfd2d/s-hk51c71knu-1ni8tqi-1hr40iqp35lgkscncmkkgb2nf/17o8ta0jld7pm62o17eed3yhs.o': Permission denied
rm: cannot remove '/tmp/FORGE/target/debug/incremental/slacker-1ehkwvlsxfd2d/s-hk51c71knu-1ni8tqi-1hr40iqp35lgkscncmkkgb2nf/562pesqgx9i157oys19528ceq.o': Permission denied
rm: cannot remove '/tmp/FORGE/target/debug/incremental/slacker-1ehkwvlsxfd2d/s-hk51c71knu-1ni8tqi-1hr40iqp35lgkscncmkkgb2nf/cur8v1anbxdhkqv9v4u15p4i1.o': Permission denied
rm: cannot remove '/tmp/FORGE/target/debug/incremental/slacker-1ehkwvlsxfd2d/s-hk51c71knu-1ni8tqi-1hr40iqp35lgkscncmkkgb2nf/am4p8xednlddxcml1x244jyba.o': Permission denied
rm: cannot remove '/tmp/FORGE/target/debug/incremental/slacker-1ehkwvlsxfd2d/s-hk51c71knu-1ni8tqi-1hr40iqp35lgkscncmkkgb2nf/b4yeyuozan6zois07llc0av8k.o': Permission denied
rm: cannot remove '/tmp/FORGE/target/debug/incremental/slacker-1ehkwvlsxfd2d/s-hk51c71knu-1ni8tqi-1hr40iqp35lgkscncmkkgb2nf/7zol0h3ihc33xiy2jspj9cr62.o': Permission denied
rm: cannot remove '/tmp/FORGE/target/debug/incremental/slacker-1ehkwvlsxfd2d/s-hk51c71knu-1ni8tqi-1hr40iqp35lgkscncmkkgb2nf/clm6kzxtvfhgpkvtmubpus14b.o': Permission denied
rm: cannot remove '/tmp/FORGE/target/debug/incremental/slacker-1ehkwvlsxfd2d/s-hk51c71knu-1ni8tqi-1hr40iqp35lgkscncmkkgb2nf/dsd8i1cwi3mhde5vlxqq7lr1n.o': Permission denied
rm: cannot remove '/tmp/FORGE/target/debug/incremental/slacker-1ehkwvlsxfd2d/s-hk51c71knu-1ni8tqi-1hr40iqp35lgkscncmkkgb2nf/3cilk6xbhs9vv26bhj9ppgzfy.o': Permission denied
rm: cannot remove '/tmp/FORGE/target/debug/incremental/slacker-1ehkwvlsxfd2d/s-hk51c71knu-1ni8tqi-1hr40iqp35lgkscncmkkgb2nf/53popij32l936tr0hmrykwa6c.o': Permission denied
rm: cannot remove '/tmp/FORGE/target/debug/incremental/slacker-1ehkwvlsxfd2d/s-hk51c71knu-1ni8tqi-1hr40iqp35lgkscncmkkgb2nf/69pr2ys5k5p9nggs9qt0gn3vb.o': Permission denied
rm: cannot remove '/tmp/FORGE/target/debug/incremental/slacker-1ehkwvlsxfd2d/s-hk51c71knu-1ni8tqi-1hr40iqp35lgkscncmkkgb2nf/br0ur4rbfg8db3k2quv6u6zhd.o': Permission denied
rm: cannot remove '/tmp/FORGE/target/debug/incremental/slacker-1ehkwvlsxfd2d/s-hk51c71knu-1ni8tqi-1hr40iqp35lgkscncmkkgb2nf/el000ddnnp1qhr1r013zfgs9z.o': Permission denied
rm: cannot remove '/tmp/FORGE/target/debug/incremental/slacker-1ehkwvlsxfd2d/s-hk51c71knu-1ni8tqi-1hr40iqp35lgkscncmkkgb2nf/1lesmkenphs52wsmsyoyek6mx.o': Permission denied
rm: cannot remove '/tmp/FORGE/target/debug/incremental/slacker-1ehkwvlsxfd2d/s-hk51c71knu-1ni8tqi-1hr40iqp35lgkscncmkkgb2nf/b31352bz5lj3yk6oezzahqo8e.o': Permission denied
rm: cannot remove '/tmp/FORGE/target/debug/incremental/slacker-1ehkwvlsxfd2d/s-hk51c71knu-1ni8tqi-1hr40iqp35lgkscncmkkgb2nf/9b70sgo3votfshrh8rlgiuy82.o': Permission denied
rm: cannot remove '/tmp/FORGE/target/debug/incremental/slacker-1ehkwvlsxfd2d/s-hk51c71knu-1ni8tqi-1hr40iqp35lgkscncmkkgb2nf/aftzj8myk936gwnuyg2t9zw26.o': Permission denied
rm: cannot remove '/tmp/FORGE/target/debug/incremental/slacker-1ehkwvlsxfd2d/s-hk51c71knu-1ni8tqi-1hr40iqp35lgkscncmkkgb2nf/33nujyyqj0ad5rd8fagomjmca.o': Permission denied
rm: cannot remove '/tmp/FORGE/target/debug/incremental/slacker-1ehkwvlsxfd2d/s-hk51c71knu-1ni8tqi-1hr40iqp35lgkscncmkkgb2nf/3vinymfct1yz5t645z51v53pa.o': Permission denied
rm: cannot remove '/tmp/FORGE/target/debug/incremental/slacker-1ehkwvlsxfd2d/s-hk51c71knu-1ni8tqi-1hr40iqp35lgkscncmkkgb2nf/04s6m3aqyetpibl9fs3soscxv.o': Permission denied
rm: cannot remove '/tmp/FORGE/target/debug/incremental/slacker-1ehkwvlsxfd2d/s-hk51c71knu-1ni8tqi-1hr40iqp35lgkscncmkkgb2nf/arw50itf90kuflyxh0js64k8i.o': Permission denied
rm: cannot remove '/tmp/FORGE/target/debug/incremental/slacker-1ehkwvlsxfd2d/s-hk51c71knu-1ni8tqi-1hr40iqp35lgkscncmkkgb2nf/0d8c7kqwlf4wvqq98i6pg3556.o': Permission denied
rm: cannot remove '/tmp/FORGE/target/debug/incremental/slacker-1ehkwvlsxfd2d/s-hk51c71knu-1ni8tqi-1hr40iqp35lgkscncmkkgb2nf/0qqfglv4baj2w88rhadpdr195.o': Permission denied
rm: cannot remove '/tmp/FORGE/target/debug/incremental/slacker-1ehkwvlsxfd2d/s-hk51c71knu-1ni8tqi-1hr40iqp35lgkscncmkkgb2nf/699u7ezg045ozrvity0oxt9ov.o': Permission denied
rm: cannot remove '/tmp/FORGE/target/debug/incremental/slacker-1ehkwvlsxfd2d/s-hk51c71knu-1ni8tqi-1hr40iqp35lgkscncmkkgb2nf/elg2ul8o5orw0awvccwwpokcz.o': Permission denied
rm: cannot remove '/tmp/FORGE/target/debug/incremental/slacker-1ehkwvlsxfd2d/s-hk51c71knu-1ni8tqi-1hr40iqp35lgkscncmkkgb2nf/3i15a9u3w6mjuirwscozplxdz.o': Permission denied
rm: cannot remove '/tmp/FORGE/target/debug/incremental/slacker-1ehkwvlsxfd2d/s-hk51c71knu-1ni8tqi-1hr40iqp35lgkscncmkkgb2nf/9w932kv1bz1lff1907x8qpvdl.o': Permission denied
rm: cannot remove '/tmp/FORGE/target/debug/incremental/slacker-1ehkwvlsxfd2d/s-hk51c71knu-1ni8tqi-1hr40iqp35lgkscncmkkgb2nf/6q3qi3rwfn2hgqqdqrauu4c3a.o': Permission denied
rm: cannot remove '/tmp/FORGE/target/debug/incremental/slacker-1ehkwvlsxfd2d/s-hk51c71knu-1ni8tqi-1hr40iqp35lgkscncmkkgb2nf/91tpgz0k1y50s42fbp7jmvadn.o': Permission denied
rm: cannot remove '/tmp/FORGE/target/debug/incremental/slacker-1ehkwvlsxfd2d/s-hk51c71knu-1ni8tqi-1hr40iqp35lgkscncmkkgb2nf/4zhiwrppd21tdc3t72lvvokzb.o': Permission denied
rm: cannot remove '/tmp/FORGE/target/debug/incremental/slacker-1ehkwvlsxfd2d/s-hk51c71knu-1ni8tqi-1hr40iqp35lgkscncmkkgb2nf/56quq5lmw3qtvglc14sxcnls2.o': Permission denied
rm: cannot remove '/tmp/FORGE/target/debug/incremental/slacker-1ehkwvlsxfd2d/s-hk51c71knu-1ni8tqi-1hr40iqp35lgkscncmkkgb2nf/axycj160v6i0otjksgeyi1ivj.o': Permission denied
rm: cannot remove '/tmp/FORGE/target/debug/incremental/slacker-1ehkwvlsxfd2d/s-hk51c71knu-1ni8tqi-1hr40iqp35lgkscncmkkgb2nf/42yr17vvxtco6ew7htcnxlr6t.o': Permission denied
rm: cannot remove '/tmp/FORGE/target/debug/incremental/slacker-1ehkwvlsxfd2d/s-hk51c71knu-1ni8tqi-1hr40iqp35lgkscncmkkgb2nf/8a88c8xlqjqg9lk17qkj9xybc.o': Permission denied
rm: cannot remove '/tmp/FORGE/target/debug/incremental/slacker-1ehkwvlsxfd2d/s-hk51c71knu-1ni8tqi-1hr40iqp35lgkscncmkkgb2nf/7kyt0xmvhdo36r8u2aoyqjnrs.o': Permission denied
rm: cannot remove '/tmp/FORGE/target/debug/incremental/slacker-1ehkwvlsxfd2d/s-hk51c71knu-1ni8tqi-1hr40iqp35lgkscncmkkgb2nf/0b3ueo6mh1o14mwntlyqs0ile.o': Permission denied
rm: cannot remove '/tmp/FORGE/target/debug/incremental/slacker-1ehkwvlsxfd2d/s-hk51c71knu-1ni8tqi-1hr40iqp35lgkscncmkkgb2nf/evev31ytv225bkw4na9237733.o': Permission denied
rm: cannot remove '/tmp/FORGE/target/debug/incremental/slacker-1ehkwvlsxfd2d/s-hk51c71knu-1ni8tqi-1hr40iqp35lgkscncmkkgb2nf/2udi55dd1rdvchuyl3fdo72ks.o': Permission denied
rm: cannot remove '/tmp/FORGE/target/debug/incremental/slacker-1ehkwvlsxfd2d/s-hk51c71knu-1ni8tqi-1hr40iqp35lgkscncmkkgb2nf/48yk9aembe991uwznt2aqj8ko.o': Permission denied
rm: cannot remove '/tmp/FORGE/target/debug/incremental/slacker-1ehkwvlsxfd2d/s-hk51c71knu-1ni8tqi-1hr40iqp35lgkscncmkkgb2nf/5echv9vyq2nqtmvdhu5yhqarj.o': Permission denied
rm: cannot remove '/tmp/FORGE/target/debug/incremental/slacker-1ehkwvlsxfd2d/s-hk51c71knu-1ni8tqi-1hr40iqp35lgkscncmkkgb2nf/9ot7xwch0cp7fr0q08qcd8x3i.o': Permission denied
rm: cannot remove '/tmp/FORGE/target/debug/incremental/slacker-1ehkwvlsxfd2d/s-hk51c71knu-1ni8tqi-1hr40iqp35lgkscncmkkgb2nf/eb7zn6p5ui2k5e8wdf2mngut4.o': Permission denied
rm: cannot remove '/tmp/FORGE/target/debug/incremental/slacker-1ehkwvlsxfd2d/s-hk51c71knu-1ni8tqi-1hr40iqp35lgkscncmkkgb2nf/829o5evbalmxiq0daun0o9gg0.o': Permission denied
rm: cannot remove '/tmp/FORGE/target/debug/incremental/slacker-1ehkwvlsxfd2d/s-hk51c71knu-1ni8tqi-1hr40iqp35lgkscncmkkgb2nf/3ierby9d4hkzo3a0r8dfhyr7m.o': Permission denied
rm: cannot remove '/tmp/FORGE/target/debug/incremental/slacker-1ehkwvlsxfd2d/s-hk51c71knu-1ni8tqi-1hr40iqp35lgkscncmkkgb2nf/5nwn5v1dolqu51lztiv3o6uum.o': Permission denied
rm: cannot remove '/tmp/FORGE/target/debug/incremental/slacker-1ehkwvlsxfd2d/s-hk51c71knu-1ni8tqi-1hr40iqp35lgkscncmkkgb2nf/bcvaebevk00ukgzz7ppjjm5dp.o': Permission denied
rm: cannot remove '/tmp/FORGE/target/debug/incremental/slacker-1ehkwvlsxfd2d/s-hk51c71knu-1ni8tqi-1hr40iqp35lgkscncmkkgb2nf/6z1g7unomdz6dxu5n13jeujsb.o': Permission denied
rm: cannot remove '/tmp/FORGE/target/debug/incremental/slacker-1ehkwvlsxfd2d/s-hk51c71knu-1ni8tqi-1hr40iqp35lgkscncmkkgb2nf/dok9zbj6sgsd42ephv1fhd6rn.o': Permission denied
rm: cannot remove '/tmp/FORGE/target/debug/incremental/slacker-1ehkwvlsxfd2d/s-hk51c71knu-1ni8tqi-1hr40iqp35lgkscncmkkgb2nf/3mtr0m800bt8o38pe6608h5av.o': Permission denied
rm: cannot remove '/tmp/FORGE/target/debug/incremental/slacker-1ehkwvlsxfd2d/s-hk51c71knu-1ni8tqi-1hr40iqp35lgkscncmkkgb2nf/ch49b10vq1d8xcxhxqsneywqw.o': Permission denied
rm: cannot remove '/tmp/FORGE/target/debug/incremental/slacker-1ehkwvlsxfd2d/s-hk51c71knu-1ni8tqi-1hr40iqp35lgkscncmkkgb2nf/49r0hqfsvsvlv46fp0rl9040m.o': Permission denied
rm: cannot remove '/tmp/FORGE/target/debug/incremental/slacker-1ehkwvlsxfd2d/s-hk51c71knu-1ni8tqi-1hr40iqp35lgkscncmkkgb2nf/43b98h64toq9v99oawhhho0qd.o': Permission denied
rm: cannot remove '/tmp/FORGE/target/debug/incremental/slacker-1ehkwvlsxfd2d/s-hk51c71knu-1ni8tqi-1hr40iqp35lgkscncmkkgb2nf/0w1ehzgcmeyw3ba01xm3mx8u5.o': Permission denied
rm: cannot remove '/tmp/FORGE/target/debug/incremental/slacker-1ehkwvlsxfd2d/s-hk51c71knu-1ni8tqi-1hr40iqp35lgkscncmkkgb2nf/0pixzw4fft3vfv49z6zihhire.o': Permission denied
rm: cannot remove '/tmp/FORGE/target/debug/incremental/slacker-1ehkwvlsxfd2d/s-hk51c71knu-1ni8tqi-1hr40iqp35lgkscncmkkgb2nf/7gxa97z9ai1rsum2whp0cufcn.o': Permission denied
rm: cannot remove '/tmp/FORGE/target/debug/incremental/slacker-1ehkwvlsxfd2d/s-hk51c71knu-1ni8tqi-1hr40iqp35lgkscncmkkgb2nf/9cdlpo18y05cgxj2dllrqmtxx.o': Permission denied
rm: cannot remove '/tmp/FORGE/target/debug/incremental/slacker-1ehkwvlsxfd2d/s-hk51c71knu-1ni8tqi-1hr40iqp35lgkscncmkkgb2nf/7qwmoeg0vnzxku0i5zugmey93.o': Permission denied
rm: cannot remove '/tmp/FORGE/target/debug/incremental/slacker-1ehkwvlsxfd2d/s-hk51c71knu-1ni8tqi-1hr40iqp35lgkscncmkkgb2nf/9ezzfd51niskadag0vcl1ln84.o': Permission denied
rm: cannot remove '/tmp/FORGE/target/debug/incremental/slacker-1ehkwvlsxfd2d/s-hk51c71knu-1ni8tqi-1hr40iqp35lgkscncmkkgb2nf/4bnxgefbx5xzyttd3atl3ac0q.o': Permission denied
rm: cannot remove '/tmp/FORGE/target/debug/incremental/slacker-1ehkwvlsxfd2d/s-hk51c71knu-1ni8tqi-1hr40iqp35lgkscncmkkgb2nf/work-products.bin': Permission denied
rm: cannot remove '/tmp/FORGE/target/debug/incremental/slacker-1ehkwvlsxfd2d/s-hk51c71knu-1ni8tqi-1hr40iqp35lgkscncmkkgb2nf/86bwhh5fnhksc6pweegnzezj0.o': Permission denied
rm: cannot remove '/tmp/FORGE/target/debug/incremental/slacker-1ehkwvlsxfd2d/s-hk51c71knu-1ni8tqi-1hr40iqp35lgkscncmkkgb2nf/ayfqjsaxocljqtvoz6b6f1yki.o': Permission denied
rm: cannot remove '/tmp/FORGE/target/debug/incremental/slacker-1ehkwvlsxfd2d/s-hk51c71knu-1ni8tqi-1hr40iqp35lgkscncmkkgb2nf/4s7cv34bdtpji6yy5g4jd3gyb.o': Permission denied
rm: cannot remove '/tmp/FORGE/target/debug/incremental/slacker-1ehkwvlsxfd2d/s-hk51c71knu-1ni8tqi-1hr40iqp35lgkscncmkkgb2nf/7oeo09begtr48m4dd2kgpzf57.o': Permission denied
rm: cannot remove '/tmp/FORGE/target/debug/incremental/slacker-1ehkwvlsxfd2d/s-hk51c71knu-1ni8tqi-1hr40iqp35lgkscncmkkgb2nf/7kwuuciibfdc30fypari153hm.o': Permission denied
rm: cannot remove '/tmp/FORGE/target/debug/incremental/slacker-1ehkwvlsxfd2d/s-hk51c71knu-1ni8tqi-1hr40iqp35lgkscncmkkgb2nf/4590uxun7iha0ub4sjrbx34af.o': Permission denied
rm: cannot remove '/tmp/FORGE/target/debug/incremental/slacker-1ehkwvlsxfd2d/s-hk51c71knu-1ni8tqi-1hr40iqp35lgkscncmkkgb2nf/4ohfbjqgirwkovz8u76f1aoes.o': Permission denied
rm: cannot remove '/tmp/FORGE/target/debug/incremental/slacker-1ehkwvlsxfd2d/s-hk51c71knu-1ni8tqi-1hr40iqp35lgkscncmkkgb2nf/8jinth085a4e7kbt5pg80mrrs.o': Permission denied
rm: cannot remove '/tmp/FORGE/target/debug/incremental/slacker-1ehkwvlsxfd2d/s-hk51c71knu-1ni8tqi-1hr40iqp35lgkscncmkkgb2nf/4br6syjal5if1u302dvzlzobl.o': Permission denied
rm: cannot remove '/tmp/FORGE/target/debug/incremental/slacker-1ehkwvlsxfd2d/s-hk51c71knu-1ni8tqi-1hr40iqp35lgkscncmkkgb2nf/epppqbcw951wpsotnhio8c1iw.o': Permission denied
rm: cannot remove '/tmp/FORGE/target/debug/incremental/slacker-1ehkwvlsxfd2d/s-hk51c71knu-1ni8tqi-1hr40iqp35lgkscncmkkgb2nf/5sjtso0jifgcn4wt2s3yi7bi3.o': Permission denied
rm: cannot remove '/tmp/FORGE/target/debug/incremental/slacker-1ehkwvlsxfd2d/s-hk51c71knu-1ni8tqi-1hr40iqp35lgkscncmkkgb2nf/66xeoj2vc7vetk1nk48eqjsrw.o': Permission denied
rm: cannot remove '/tmp/FORGE/target/debug/incremental/slacker-1ehkwvlsxfd2d/s-hk51c71knu-1ni8tqi-1hr40iqp35lgkscncmkkgb2nf/e3atnwfk1y0xld55ql2xje9la.o': Permission denied
rm: cannot remove '/tmp/FORGE/target/debug/incremental/slacker-1ehkwvlsxfd2d/s-hk51c71knu-1ni8tqi-1hr40iqp35lgkscncmkkgb2nf/8cekts77lr0ps9tcuw2x5m6yh.o': Permission denied
rm: cannot remove '/tmp/FORGE/target/debug/incremental/slacker-1ehkwvlsxfd2d/s-hk51c71knu-1ni8tqi-1hr40iqp35lgkscncmkkgb2nf/5xl2083krkjblz6gkixy1y4tb.o': Permission denied
rm: cannot remove '/tmp/FORGE/target/debug/incremental/slacker-1ehkwvlsxfd2d/s-hk51c71knu-1ni8tqi-1hr40iqp35lgkscncmkkgb2nf/8awu1ykb5scm187t1xm241no8.o': Permission denied
rm: cannot remove '/tmp/FORGE/target/debug/incremental/slacker-1ehkwvlsxfd2d/s-hk51c71knu-1ni8tqi-1hr40iqp35lgkscncmkkgb2nf/ehff2amouebsudqe7l2o5zp4u.o': Permission denied
rm: cannot remove '/tmp/FORGE/target/debug/incremental/slacker-1ehkwvlsxfd2d/s-hk51c71knu-1ni8tqi-1hr40iqp35lgkscncmkkgb2nf/12ww4euwn7bhta3raa9c1c9dk.o': Permission denied
rm: cannot remove '/tmp/FORGE/target/debug/incremental/slacker-1ehkwvlsxfd2d/s-hk51c71knu-1ni8tqi-1hr40iqp35lgkscncmkkgb2nf/d23609iwbgy79jdtnqkftuycd.o': Permission denied
rm: cannot remove '/tmp/FORGE/target/debug/incremental/slacker-1ehkwvlsxfd2d/s-hk51c71knu-1ni8tqi-1hr40iqp35lgkscncmkkgb2nf/5u4c96x9fh4xbwk3u7fdd7w9d.o': Permission denied
rm: cannot remove '/tmp/FORGE/target/debug/incremental/slacker-1ehkwvlsxfd2d/s-hk51c71knu-1ni8tqi-1hr40iqp35lgkscncmkkgb2nf/e47b1qb8isi6lzva0p589x9yr.o': Permission denied
rm: cannot remove '/tmp/FORGE/target/debug/incremental/slacker-1ehkwvlsxfd2d/s-hk51c71knu-1ni8tqi-1hr40iqp35lgkscncmkkgb2nf/bb9antgxg6kyuhd3os2jc5hs8.o': Permission denied
rm: cannot remove '/tmp/FORGE/target/debug/incremental/slacker-1ehkwvlsxfd2d/s-hk51c71knu-1ni8tqi-1hr40iqp35lgkscncmkkgb2nf/1b0xqyv7qhj0xmk9b9dmfj9m7.o': Permission denied
rm: cannot remove '/tmp/FORGE/target/debug/incremental/slacker-1ehkwvlsxfd2d/s-hk51c71knu-1ni8tqi-1hr40iqp35lgkscncmkkgb2nf/eb3iu7qtfgy8u962rztp660kj.o': Permission denied
rm: cannot remove '/tmp/FORGE/target/debug/incremental/slacker-1ehkwvlsxfd2d/s-hk51c71knu-1ni8tqi-1hr40iqp35lgkscncmkkgb2nf/5zrkk490f1sbkjv5n1tnkl0j8.o': Permission denied
rm: cannot remove '/tmp/FORGE/target/debug/incremental/slacker-1ehkwvlsxfd2d/s-hk51c71knu-1ni8tqi-1hr40iqp35lgkscncmkkgb2nf/6et8ovowkhk0y6cznd4b4x7gu.o': Permission denied
rm: cannot remove '/tmp/FORGE/target/debug/incremental/slacker-1ehkwvlsxfd2d/s-hk51c71knu-1ni8tqi-1hr40iqp35lgkscncmkkgb2nf/5aey46gxd4stalfzyfspi2m7i.o': Permission denied
rm: cannot remove '/tmp/FORGE/target/debug/incremental/slacker-1ehkwvlsxfd2d/s-hk51c71knu-1ni8tqi-1hr40iqp35lgkscncmkkgb2nf/eb10smkhw8itxlp3ypqn7engk.o': Permission denied
rm: cannot remove '/tmp/FORGE/target/debug/incremental/slacker-1ehkwvlsxfd2d/s-hk51c71knu-1ni8tqi-1hr40iqp35lgkscncmkkgb2nf/5tuatnfn64mfudtbtlk0ldxt2.o': Permission denied
rm: cannot remove '/tmp/FORGE/target/debug/incremental/slacker-1ehkwvlsxfd2d/s-hk51c71knu-1ni8tqi-1hr40iqp35lgkscncmkkgb2nf/65fvkfnji7ixcw0os1dcv4yss.o': Permission denied
rm: cannot remove '/tmp/FORGE/target/debug/incremental/slacker-1ehkwvlsxfd2d/s-hk51c71knu-1ni8tqi-1hr40iqp35lgkscncmkkgb2nf/4n91gskgmo45v3ghmnmm4x1db.o': Permission denied
rm: cannot remove '/tmp/FORGE/target/debug/incremental/slacker-1ehkwvlsxfd2d/s-hk51c71knu-1ni8tqi-1hr40iqp35lgkscncmkkgb2nf/2anhx3gu1gdqmd6vmecs3e1dn.o': Permission denied
rm: cannot remove '/tmp/FORGE/target/debug/incremental/slacker-1ehkwvlsxfd2d/s-hk51c71knu-1ni8tqi-1hr40iqp35lgkscncmkkgb2nf/6p6iwogy9sekxvk3k5yhiirh9.o': Permission denied
rm: cannot remove '/tmp/FORGE/target/debug/incremental/slacker-1ehkwvlsxfd2d/s-hk51c71knu-1ni8tqi-1hr40iqp35lgkscncmkkgb2nf/a6lphglt20qfbvpmdre7end1y.o': Permission denied
rm: cannot remove '/tmp/FORGE/target/debug/incremental/slacker-1ehkwvlsxfd2d/s-hk51c71knu-1ni8tqi-1hr40iqp35lgkscncmkkgb2nf/dfz99ynpl3fqr90bfb9b1ukvy.o': Permission denied
rm: cannot remove '/tmp/FORGE/target/debug/incremental/slacker-1ehkwvlsxfd2d/s-hk51c71knu-1ni8tqi-1hr40iqp35lgkscncmkkgb2nf/asbc35diylbkfh54i9s9i3xm1.o': Permission denied
rm: cannot remove '/tmp/FORGE/target/debug/incremental/slacker-1ehkwvlsxfd2d/s-hk51c71knu-1ni8tqi-1hr40iqp35lgkscncmkkgb2nf/97ejfeb3jaaslkqpt8tsdp2el.o': Permission denied
rm: cannot remove '/tmp/FORGE/target/debug/incremental/slacker-1ehkwvlsxfd2d/s-hk51c71knu-1ni8tqi-1hr40iqp35lgkscncmkkgb2nf/cc6tj8si8d22nw0mvxej4po0d.o': Permission denied
rm: cannot remove '/tmp/FORGE/target/debug/incremental/slacker-1ehkwvlsxfd2d/s-hk51c71knu-1ni8tqi-1hr40iqp35lgkscncmkkgb2nf/ev62l6rzeasrtqbeor4nx821l.o': Permission denied
rm: cannot remove '/tmp/FORGE/target/debug/incremental/slacker-1ehkwvlsxfd2d/s-hk51c71knu-1ni8tqi-1hr40iqp35lgkscncmkkgb2nf/98wu3nfr1hn8w76l1qiy7z38w.o': Permission denied
rm: cannot remove '/tmp/FORGE/target/debug/incremental/slacker-1ehkwvlsxfd2d/s-hk51c71knu-1ni8tqi-1hr40iqp35lgkscncmkkgb2nf/bfy0gpmyk3vc4ldy33z4z4ba0.o': Permission denied
rm: cannot remove '/tmp/FORGE/target/debug/incremental/slacker-1ehkwvlsxfd2d/s-hk51c71knu-1ni8tqi-1hr40iqp35lgkscncmkkgb2nf/2wqc6bgtuneb8tffha8mt2ka7.o': Permission denied
rm: cannot remove '/tmp/FORGE/target/debug/incremental/slacker-1ehkwvlsxfd2d/s-hk51c71knu-1ni8tqi-1hr40iqp35lgkscncmkkgb2nf/7lugb19l1jg1fd81xt1c1qmss.o': Permission denied
rm: cannot remove '/tmp/FORGE/target/debug/incremental/slacker-1ehkwvlsxfd2d/s-hk51c71knu-1ni8tqi-1hr40iqp35lgkscncmkkgb2nf/d33puskvrb2drvktj0u9359a7.o': Permission denied
rm: cannot remove '/tmp/FORGE/target/debug/incremental/slacker-1ehkwvlsxfd2d/s-hk51c71knu-1ni8tqi-1hr40iqp35lgkscncmkkgb2nf/3w92hyyf13n7l9hofwmviqqml.o': Permission denied
rm: cannot remove '/tmp/FORGE/target/debug/incremental/slacker-1ehkwvlsxfd2d/s-hk51c71knu-1ni8tqi-1hr40iqp35lgkscncmkkgb2nf/2jshmxhmnhwu0ntas5fp6yh8c.o': Permission denied
rm: cannot remove '/tmp/FORGE/target/debug/incremental/slacker-1ehkwvlsxfd2d/s-hk51c71knu-1ni8tqi-1hr40iqp35lgkscncmkkgb2nf/e44honc63tc5wzvddea2rh8jr.o': Permission denied
rm: cannot remove '/tmp/FORGE/target/debug/incremental/slacker-1ehkwvlsxfd2d/s-hk51c71knu-1ni8tqi-1hr40iqp35lgkscncmkkgb2nf/8hs6tspz1u6xthi8lncjen01s.o': Permission denied
rm: cannot remove '/tmp/FORGE/target/debug/incremental/slacker-1ehkwvlsxfd2d/s-hk51c71knu-1ni8tqi-1hr40iqp35lgkscncmkkgb2nf/cpuod5fuvo9035a5il0f69d5a.o': Permission denied
rm: cannot remove '/tmp/FORGE/target/debug/incremental/slacker-1ehkwvlsxfd2d/s-hk51c71knu-1ni8tqi-1hr40iqp35lgkscncmkkgb2nf/708awknl7a0kuzuwh724i8m6a.o': Permission denied
rm: cannot remove '/tmp/FORGE/target/debug/incremental/slacker-1ehkwvlsxfd2d/s-hk51c71knu-1ni8tqi-1hr40iqp35lgkscncmkkgb2nf/9xhn2s3ar1ydulb6p5wqynddk.o': Permission denied
rm: cannot remove '/tmp/FORGE/target/debug/incremental/slacker-1ehkwvlsxfd2d/s-hk51c71knu-1ni8tqi-1hr40iqp35lgkscncmkkgb2nf/cwcea65eobrll7x64a4xg7sdk.o': Permission denied
rm: cannot remove '/tmp/FORGE/target/debug/incremental/slacker-1ehkwvlsxfd2d/s-hk51c71knu-1ni8tqi-1hr40iqp35lgkscncmkkgb2nf/7b25esz23q1hlcz9b4j4s8hfi.o': Permission denied
rm: cannot remove '/tmp/FORGE/target/debug/incremental/slacker-1ehkwvlsxfd2d/s-hk51c71knu-1ni8tqi-1hr40iqp35lgkscncmkkgb2nf/c66otjau9a5c9x1tkrg7pm0yx.o': Permission denied
rm: cannot remove '/tmp/FORGE/target/debug/incremental/slacker-1ehkwvlsxfd2d/s-hk51c71knu-1ni8tqi-1hr40iqp35lgkscncmkkgb2nf/c85ikkrv2tv03e5e0d31d6a7x.o': Permission denied
rm: cannot remove '/tmp/FORGE/target/debug/incremental/slacker-1ehkwvlsxfd2d/s-hk51c71knu-1ni8tqi-1hr40iqp35lgkscncmkkgb2nf/1zn5ern6a9y00t6f7irjwkorq.o': Permission denied
rm: cannot remove '/tmp/FORGE/target/debug/incremental/slacker-1ehkwvlsxfd2d/s-hk51c71knu-1ni8tqi-1hr40iqp35lgkscncmkkgb2nf/dep-graph.bin': Permission denied
rm: cannot remove '/tmp/FORGE/target/debug/incremental/slacker-1ehkwvlsxfd2d/s-hk51c71knu-1ni8tqi-1hr40iqp35lgkscncmkkgb2nf/erqb2wa9xsk6jr6ju5wx78n2f.o': Permission denied
rm: cannot remove '/tmp/FORGE/target/debug/incremental/slacker-1ehkwvlsxfd2d/s-hk51c71knu-1ni8tqi-1hr40iqp35lgkscncmkkgb2nf/cc0h1tg11gh88tjxdy96l59te.o': Permission denied
rm: cannot remove '/tmp/FORGE/target/debug/incremental/slacker-1ehkwvlsxfd2d/s-hk51c71knu-1ni8tqi-1hr40iqp35lgkscncmkkgb2nf/16vjf161vcqeg4789wa6ioz84.o': Permission denied
rm: cannot remove '/tmp/FORGE/target/debug/incremental/slacker-1ehkwvlsxfd2d/s-hk51c71knu-1ni8tqi-1hr40iqp35lgkscncmkkgb2nf/2186ethpe3kmqa3a4w5i3mxcv.o': Permission denied
rm: cannot remove '/tmp/FORGE/target/debug/incremental/slacker-1ehkwvlsxfd2d/s-hk51c71knu-1ni8tqi-1hr40iqp35lgkscncmkkgb2nf/819lge19m8n97jrz5yh7fuawy.o': Permission denied
rm: cannot remove '/tmp/FORGE/target/debug/incremental/slacker-1ehkwvlsxfd2d/s-hk51c71knu-1ni8tqi-1hr40iqp35lgkscncmkkgb2nf/7dz2ppkgn3qbtyjbqhtadglxx.o': Permission denied
rm: cannot remove '/tmp/FORGE/target/debug/incremental/slacker-1ehkwvlsxfd2d/s-hk51c71knu-1ni8tqi-1hr40iqp35lgkscncmkkgb2nf/76zto8l1gv8jdf9mnnggtinhs.o': Permission denied
rm: cannot remove '/tmp/FORGE/target/debug/incremental/slacker-1ehkwvlsxfd2d/s-hk51c71knu-1ni8tqi-1hr40iqp35lgkscncmkkgb2nf/a534iontijl8ao53ouz9ui8zv.o': Permission denied
rm: cannot remove '/tmp/FORGE/target/debug/incremental/slacker-1ehkwvlsxfd2d/s-hk51c71knu-1ni8tqi-1hr40iqp35lgkscncmkkgb2nf/dmy2i5y3qcy0zy5nd8k1aagxn.o': Permission denied
rm: cannot remove '/tmp/FORGE/target/debug/incremental/slacker-1ehkwvlsxfd2d/s-hk51c71knu-1ni8tqi-1hr40iqp35lgkscncmkkgb2nf/dt26pmbcb5tc2lyhtixbprblf.o': Permission denied
rm: cannot remove '/tmp/FORGE/target/debug/incremental/slacker-1ehkwvlsxfd2d/s-hk51c71knu-1ni8tqi-1hr40iqp35lgkscncmkkgb2nf/dhfl6clnepfw12nnw1bg5w6wp.o': Permission denied
rm: cannot remove '/tmp/FORGE/target/debug/incremental/slacker-1ehkwvlsxfd2d/s-hk51c71knu-1ni8tqi-1hr40iqp35lgkscncmkkgb2nf/1c7w1if4czgiwn0hedglmpmzr.o': Permission denied
rm: cannot remove '/tmp/FORGE/target/debug/incremental/slacker-1ehkwvlsxfd2d/s-hk51c71knu-1ni8tqi-1hr40iqp35lgkscncmkkgb2nf/3jv3zvjt2r65wc8kvezajgihw.o': Permission denied
rm: cannot remove '/tmp/FORGE/target/debug/incremental/slacker-1ehkwvlsxfd2d/s-hk51c71knu-1ni8tqi-1hr40iqp35lgkscncmkkgb2nf/7gcffj3d08wfd3sm12rfhyzv9.o': Permission denied
rm: cannot remove '/tmp/FORGE/target/debug/incremental/slacker-1ehkwvlsxfd2d/s-hk51c71knu-1ni8tqi-1hr40iqp35lgkscncmkkgb2nf/25brjt056ky955i5s5hqy3eq4.o': Permission denied
rm: cannot remove '/tmp/FORGE/target/debug/incremental/slacker-1ehkwvlsxfd2d/s-hk51c71knu-1ni8tqi-1hr40iqp35lgkscncmkkgb2nf/8y1yn407am76wf21s459miac9.o': Permission denied
rm: cannot remove '/tmp/FORGE/target/debug/incremental/slacker-1ehkwvlsxfd2d/s-hk51c71knu-1ni8tqi-1hr40iqp35lgkscncmkkgb2nf/d8iunwg39aq9nkr248jfjm6gy.o': Permission denied
rm: cannot remove '/tmp/FORGE/target/debug/incremental/slacker-1ehkwvlsxfd2d/s-hk51c71knu-1ni8tqi-1hr40iqp35lgkscncmkkgb2nf/337fjl8hua9zqr7a9lf4hl71e.o': Permission denied
rm: cannot remove '/tmp/FORGE/target/debug/incremental/slacker-1ehkwvlsxfd2d/s-hk51c71knu-1ni8tqi-1hr40iqp35lgkscncmkkgb2nf/18cv85yg7fzjp5izmlh3e0ueg.o': Permission denied
rm: cannot remove '/tmp/FORGE/target/debug/incremental/slacker-1ehkwvlsxfd2d/s-hk51c71knu-1ni8tqi-1hr40iqp35lgkscncmkkgb2nf/0bg66xjd8ij1x3ca2a69od3lm.o': Permission denied
rm: cannot remove '/tmp/FORGE/target/debug/incremental/slacker-1ehkwvlsxfd2d/s-hk51c71knu-1ni8tqi-1hr40iqp35lgkscncmkkgb2nf/0t7vmnfeuzk5nr6gex7sic21b.o': Permission denied
rm: cannot remove '/tmp/FORGE/target/debug/incremental/slacker-1ehkwvlsxfd2d/s-hk51c71knu-1ni8tqi-1hr40iqp35lgkscncmkkgb2nf/1li76bptc43s0r6q9u29yfib5.o': Permission denied
rm: cannot remove '/tmp/FORGE/target/debug/incremental/slacker-1ehkwvlsxfd2d/s-hk51c71knu-1ni8tqi-1hr40iqp35lgkscncmkkgb2nf/61xd0wpjiw4qbv2ae4p1zvmon.o': Permission denied
rm: cannot remove '/tmp/FORGE/target/debug/incremental/slacker-1ehkwvlsxfd2d/s-hk51c71knu-1ni8tqi-1hr40iqp35lgkscncmkkgb2nf/blnl6907f9bwmcljwq4hpyc03.o': Permission denied
rm: cannot remove '/tmp/FORGE/target/debug/incremental/slacker-1ehkwvlsxfd2d/s-hk51c71knu-1ni8tqi-1hr40iqp35lgkscncmkkgb2nf/as4f7ixxhjyotqpptn6o56n8a.o': Permission denied
rm: cannot remove '/tmp/FORGE/target/debug/incremental/slacker-1ehkwvlsxfd2d/s-hk51c71knu-1ni8tqi-1hr40iqp35lgkscncmkkgb2nf/6immmuc7f9cbqciigchu99wuc.o': Permission denied
rm: cannot remove '/tmp/FORGE/target/debug/incremental/slacker-1ehkwvlsxfd2d/s-hk51c71knu-1ni8tqi-1hr40iqp35lgkscncmkkgb2nf/c09tvng0hf7kou53osdp5iiy9.o': Permission denied
rm: cannot remove '/tmp/FORGE/target/debug/incremental/slacker-1ehkwvlsxfd2d/s-hk51c71knu-1ni8tqi-1hr40iqp35lgkscncmkkgb2nf/query-cache.bin': Permission denied
rm: cannot remove '/tmp/FORGE/target/debug/incremental/slacker-1ehkwvlsxfd2d/s-hk51c71knu-1ni8tqi-1hr40iqp35lgkscncmkkgb2nf/23qpnjuwmse1ua61h5jw4kv7s.o': Permission denied
rm: cannot remove '/tmp/FORGE/target/debug/incremental/slacker-1ehkwvlsxfd2d/s-hk51c71knu-1ni8tqi-1hr40iqp35lgkscncmkkgb2nf/6wffqqidqnnr60mze0762c07s.o': Permission denied
rm: cannot remove '/tmp/FORGE/target/debug/incremental/slacker-1ehkwvlsxfd2d/s-hk51c71knu-1ni8tqi-1hr40iqp35lgkscncmkkgb2nf/depwsn70bkitfrp7d8letvftx.o': Permission denied
rm: cannot remove '/tmp/FORGE/target/debug/incremental/slacker-1ehkwvlsxfd2d/s-hk51c71knu-1ni8tqi-1hr40iqp35lgkscncmkkgb2nf/3ln9oxepzlfvqj9g3x02dn6g5.o': Permission denied
rm: cannot remove '/tmp/FORGE/target/debug/incremental/slacker-1ehkwvlsxfd2d/s-hk51c71knu-1ni8tqi-1hr40iqp35lgkscncmkkgb2nf/8y6dlvmcn1d8i7j7j81qh0o4p.o': Permission denied
rm: cannot remove '/tmp/FORGE/target/debug/incremental/slacker-1ehkwvlsxfd2d/s-hk51c71knu-1ni8tqi-1hr40iqp35lgkscncmkkgb2nf/5f62cqohlvu7r1xwwl49fqxub.o': Permission denied
rm: cannot remove '/tmp/FORGE/target/debug/incremental/slacker-1ehkwvlsxfd2d/s-hk51c71knu-1ni8tqi-1hr40iqp35lgkscncmkkgb2nf/cdzt8gjvljbysn9qddykpqbku.o': Permission denied
rm: cannot remove '/tmp/FORGE/target/debug/incremental/slacker-1ehkwvlsxfd2d/s-hk51c71knu-1ni8tqi-1hr40iqp35lgkscncmkkgb2nf/2l79ogl2j1e7t47j0a7muc3nr.o': Permission denied
rm: cannot remove '/tmp/FORGE/target/debug/incremental/slacker-1ehkwvlsxfd2d/s-hk51c71knu-1ni8tqi-1hr40iqp35lgkscncmkkgb2nf/d7ueyaj30qqx2mv67bqwaycnl.o': Permission denied
rm: cannot remove '/tmp/FORGE/target/debug/incremental/slacker-1ehkwvlsxfd2d/s-hk51c71knu-1ni8tqi-1hr40iqp35lgkscncmkkgb2nf/5m3os7npbwq0dculyl43ooaun.o': Permission denied
rm: cannot remove '/tmp/FORGE/target/debug/incremental/slacker-1ehkwvlsxfd2d/s-hk51c71knu-1ni8tqi-1hr40iqp35lgkscncmkkgb2nf/byj9ymrp16xzoee02n2700mw1.o': Permission denied
rm: cannot remove '/tmp/FORGE/target/debug/incremental/slacker-1ehkwvlsxfd2d/s-hk51c71knu-1ni8tqi-1hr40iqp35lgkscncmkkgb2nf/en41bp87vrz0qu1usqodxf05m.o': Permission denied
rm: cannot remove '/tmp/FORGE/target/debug/incremental/slacker-1ehkwvlsxfd2d/s-hk51c71knu-1ni8tqi-1hr40iqp35lgkscncmkkgb2nf/52w0pwkm5718t8ts0fvyue4k9.o': Permission denied
rm: cannot remove '/tmp/FORGE/target/debug/incremental/slacker-1ehkwvlsxfd2d/s-hk51c71knu-1ni8tqi-1hr40iqp35lgkscncmkkgb2nf/926pigjjzpp8blbrahm6ncnej.o': Permission denied
rm: cannot remove '/tmp/FORGE/target/debug/incremental/slacker-1ehkwvlsxfd2d/s-hk51c71knu-1ni8tqi-1hr40iqp35lgkscncmkkgb2nf/7rtxh6hvtq14qdemz6co91iay.o': Permission denied
rm: cannot remove '/tmp/FORGE/target/debug/incremental/slacker-1ehkwvlsxfd2d/s-hk51c71knu-1ni8tqi-1hr40iqp35lgkscncmkkgb2nf/ege1bvs78az73w4p4y6j94mfp.o': Permission denied
rm: cannot remove '/tmp/FORGE/target/debug/incremental/slacker-1ehkwvlsxfd2d/s-hk51c71knu-1ni8tqi-1hr40iqp35lgkscncmkkgb2nf/49082ysvftc0czdmlzz14ua1t.o': Permission denied
rm: cannot remove '/tmp/FORGE/target/debug/incremental/slacker-1ehkwvlsxfd2d/s-hk51c71knu-1ni8tqi-1hr40iqp35lgkscncmkkgb2nf/2fazsmvofpmd8kvrn2dsyj2m8.o': Permission denied
rm: cannot remove '/tmp/FORGE/target/debug/incremental/slacker-1ehkwvlsxfd2d/s-hk51c71knu-1ni8tqi-1hr40iqp35lgkscncmkkgb2nf/d0zdmu5qw81z3zcsfujde6k4u.o': Permission denied
rm: cannot remove '/tmp/FORGE/target/debug/incremental/slacker-1ehkwvlsxfd2d/s-hk51c71knu-1ni8tqi-1hr40iqp35lgkscncmkkgb2nf/axc281m63b27httpg6mw10l1w.o': Permission denied
rm: cannot remove '/tmp/FORGE/target/debug/incremental/slacker-1ehkwvlsxfd2d/s-hk51c71knu-1ni8tqi-1hr40iqp35lgkscncmkkgb2nf/br3fs8j6z69pq33dliilzvxwi.o': Permission denied
rm: cannot remove '/tmp/FORGE/target/debug/incremental/slacker-1ehkwvlsxfd2d/s-hk51c71knu-1ni8tqi-1hr40iqp35lgkscncmkkgb2nf/9wfg4nejdcbefe7whac3wy49r.o': Permission denied
rm: cannot remove '/tmp/FORGE/target/debug/incremental/slacker-1ehkwvlsxfd2d/s-hk51c71knu-1ni8tqi-1hr40iqp35lgkscncmkkgb2nf/1djyd0heyy771od5f5n2pyjl3.o': Permission denied
rm: cannot remove '/tmp/FORGE/target/debug/incremental/slacker-1ehkwvlsxfd2d/s-hk51c71knu-1ni8tqi-1hr40iqp35lgkscncmkkgb2nf/5m4a3ivm608api379s8a0yju0.o': Permission denied
rm: cannot remove '/tmp/FORGE/target/debug/incremental/slacker-1ehkwvlsxfd2d/s-hk51c71knu-1ni8tqi-1hr40iqp35lgkscncmkkgb2nf/0nyj81wrewqlbdn1lsc6bo66h.o': Permission denied
rm: cannot remove '/tmp/FORGE/target/debug/incremental/slacker-1ehkwvlsxfd2d/s-hk51c71knu-1ni8tqi-1hr40iqp35lgkscncmkkgb2nf/5kri0x9lprjvqxupualmneboc.o': Permission denied
rm: cannot remove '/tmp/FORGE/target/debug/incremental/slacker-1ehkwvlsxfd2d/s-hk51c71knu-1ni8tqi-1hr40iqp35lgkscncmkkgb2nf/0q5eamhbdaocxh3ezf29x0dz3.o': Permission denied
rm: cannot remove '/tmp/FORGE/target/debug/incremental/slacker-1ehkwvlsxfd2d/s-hk51c71knu-1ni8tqi-1hr40iqp35lgkscncmkkgb2nf/14o145qhoxwvlklhxrs2pdc3l.o': Permission denied
rm: cannot remove '/tmp/FORGE/target/debug/incremental/slacker-1ehkwvlsxfd2d/s-hk51c71knu-1ni8tqi-1hr40iqp35lgkscncmkkgb2nf/0kdqsjeoutob1s4zs0n1l2ldb.o': Permission denied
rm: cannot remove '/tmp/FORGE/target/debug/incremental/slacker-1ehkwvlsxfd2d/s-hk51c71knu-1ni8tqi-1hr40iqp35lgkscncmkkgb2nf/7bkhm2aiejzcsp4brc7kv46lr.o': Permission denied
rm: cannot remove '/tmp/FORGE/target/debug/incremental/slacker-1ehkwvlsxfd2d/s-hk51c71knu-1ni8tqi-1hr40iqp35lgkscncmkkgb2nf/1ww4hdrbf25tzmoumwisqveip.o': Permission denied
rm: cannot remove '/tmp/FORGE/target/debug/incremental/slacker-1ehkwvlsxfd2d/s-hk51c71knu-1ni8tqi-1hr40iqp35lgkscncmkkgb2nf/7qolft52w8kcoclkq66brmqdr.o': Permission denied
rm: cannot remove '/tmp/FORGE/target/debug/incremental/slacker-1ehkwvlsxfd2d/s-hk51c71knu-1ni8tqi-1hr40iqp35lgkscncmkkgb2nf/2lih44scuqkphcn4leluaernj.o': Permission denied
rm: cannot remove '/tmp/FORGE/target/debug/incremental/slacker-1ehkwvlsxfd2d/s-hk51c71knu-1ni8tqi-1hr40iqp35lgkscncmkkgb2nf/aldpzsoq5513v8pgxlnogtm01.o': Permission denied
rm: cannot remove '/tmp/FORGE/target/debug/incremental/slacker-1ehkwvlsxfd2d/s-hk51c71knu-1ni8tqi-1hr40iqp35lgkscncmkkgb2nf/0hr60t8iur4yhqunu3a3zzdwq.o': Permission denied
rm: cannot remove '/tmp/FORGE/target/debug/incremental/slacker-1ehkwvlsxfd2d/s-hk51c71knu-1ni8tqi-1hr40iqp35lgkscncmkkgb2nf/9doq8u0rhg9zbg34x9dm8ypjv.o': Permission denied
rm: cannot remove '/tmp/FORGE/target/debug/incremental/slacker-1ehkwvlsxfd2d/s-hk51c71knu-1ni8tqi-1hr40iqp35lgkscncmkkgb2nf/2u6vip97sryburg3q3p26ub6y.o': Permission denied
rm: cannot remove '/tmp/FORGE/target/debug/incremental/slacker-1ehkwvlsxfd2d/s-hk51c71knu-1ni8tqi-1hr40iqp35lgkscncmkkgb2nf/5ipj9mcbpv3mpl86gbb6i0wdy.o': Permission denied
rm: cannot remove '/tmp/FORGE/target/debug/incremental/slacker-1ehkwvlsxfd2d/s-hk51c71knu-1ni8tqi-1hr40iqp35lgkscncmkkgb2nf/6kmbhodc7kwydms6fwu3d85o0.o': Permission denied
rm: cannot remove '/tmp/FORGE/target/debug/incremental/slacker-1ehkwvlsxfd2d/s-hk51c71knu-1ni8tqi-1hr40iqp35lgkscncmkkgb2nf/9dikpqfzos1g8cmigqmwcysbf.o': Permission denied
rm: cannot remove '/tmp/FORGE/target/debug/incremental/slacker-1ehkwvlsxfd2d/s-hk51c71knu-1ni8tqi-1hr40iqp35lgkscncmkkgb2nf/7kym5hfkfkyrz46ufb2gh0zsw.o': Permission denied
rm: cannot remove '/tmp/FORGE/target/debug/incremental/slacker-1ehkwvlsxfd2d/s-hk51c71knu-1ni8tqi-1hr40iqp35lgkscncmkkgb2nf/9ny571bb7e12qfyoxiyf2k81s.o': Permission denied
rm: cannot remove '/tmp/FORGE/target/debug/incremental/slacker-1ehkwvlsxfd2d/s-hk51c71knu-1ni8tqi-1hr40iqp35lgkscncmkkgb2nf/0w2zeeytt5e1d77oy8bgrfp74.o': Permission denied
rm: cannot remove '/tmp/FORGE/target/debug/incremental/slacker-1ehkwvlsxfd2d/s-hk51c71knu-1ni8tqi-1hr40iqp35lgkscncmkkgb2nf/e0rfhri7suw43odlzkl1pnsd5.o': Permission denied
rm: cannot remove '/tmp/FORGE/target/debug/incremental/slacker-1ehkwvlsxfd2d/s-hk51c71knu-1ni8tqi-1hr40iqp35lgkscncmkkgb2nf/cieqdj4s4bnv3fn9qsn579jb9.o': Permission denied
rm: cannot remove '/tmp/FORGE/target/debug/incremental/slacker-1ehkwvlsxfd2d/s-hk51c71knu-1ni8tqi-1hr40iqp35lgkscncmkkgb2nf/47vorf0fishr3iorz7tlx46a6.o': Permission denied
rm: cannot remove '/tmp/FORGE/target/debug/incremental/slacker-1ehkwvlsxfd2d/s-hk51c71knu-1ni8tqi-1hr40iqp35lgkscncmkkgb2nf/0ly58wdtplkvr7q739ptl163o.o': Permission denied
rm: cannot remove '/tmp/FORGE/target/debug/incremental/slacker-1ehkwvlsxfd2d/s-hk51c71knu-1ni8tqi-1hr40iqp35lgkscncmkkgb2nf/8ac880pla7w781pvtjld6se4n.o': Permission denied
rm: cannot remove '/tmp/FORGE/target/debug/incremental/slacker-1ehkwvlsxfd2d/s-hk51c71knu-1ni8tqi-1hr40iqp35lgkscncmkkgb2nf/6cpcoiw8m6xk1dglgbttrwkac.o': Permission denied
rm: cannot remove '/tmp/FORGE/target/debug/incremental/slacker-1ehkwvlsxfd2d/s-hk51c71knu-1ni8tqi-1hr40iqp35lgkscncmkkgb2nf/6zh8wvexyxd37euynr8si7rks.o': Permission denied
rm: cannot remove '/tmp/FORGE/target/debug/incremental/slacker-1ehkwvlsxfd2d/s-hk51c71knu-1ni8tqi-1hr40iqp35lgkscncmkkgb2nf/a4fvckzp8z7p2gqhl0i92p87s.o': Permission denied
rm: cannot remove '/tmp/FORGE/target/debug/incremental/slacker-1ehkwvlsxfd2d/s-hk51c71knu-1ni8tqi-1hr40iqp35lgkscncmkkgb2nf/9s0o0yymjhi5p4qo48g0gqx6f.o': Permission denied
rm: cannot remove '/tmp/FORGE/target/debug/incremental/slacker-1ehkwvlsxfd2d/s-hk51c71knu-1ni8tqi-1hr40iqp35lgkscncmkkgb2nf/90gow4e02hi578jx084mrepph.o': Permission denied
rm: cannot remove '/tmp/FORGE/target/debug/incremental/slacker-1ehkwvlsxfd2d/s-hk51c71knu-1ni8tqi-1hr40iqp35lgkscncmkkgb2nf/5904swjqkbw8w7h8q243fm4ba.o': Permission denied
rm: cannot remove '/tmp/FORGE/target/debug/incremental/slacker-1ehkwvlsxfd2d/s-hk51c71knu-1ni8tqi-1hr40iqp35lgkscncmkkgb2nf/8d0p91p8jbcwkwy3dxnnkw7cl.o': Permission denied
rm: cannot remove '/tmp/FORGE/target/debug/incremental/slacker-1ehkwvlsxfd2d/s-hk51c71knu-1ni8tqi-1hr40iqp35lgkscncmkkgb2nf/aiz28kjmg8yar9aykq9mjvlpu.o': Permission denied
rm: cannot remove '/tmp/FORGE/target/debug/incremental/slacker-1ehkwvlsxfd2d/s-hk51c71knu-1ni8tqi-1hr40iqp35lgkscncmkkgb2nf/6ezzm9b50xnkvfklyylr57fcw.o': Permission denied
rm: cannot remove '/tmp/FORGE/target/debug/incremental/slacker-1ehkwvlsxfd2d/s-hk51c71knu-1ni8tqi-1hr40iqp35lgkscncmkkgb2nf/6vi2l395lar11wjp07jwekf8f.o': Permission denied
rm: cannot remove '/tmp/FORGE/target/debug/incremental/slacker-1ehkwvlsxfd2d/s-hk51c71knu-1ni8tqi-1hr40iqp35lgkscncmkkgb2nf/6ik9rg7k5lvqd5x9o6kixoit0.o': Permission denied
rm: cannot remove '/tmp/FORGE/target/debug/incremental/slacker-1ehkwvlsxfd2d/s-hk51c71knu-1ni8tqi-1hr40iqp35lgkscncmkkgb2nf/9pask7e83a5cczatndwzcp679.o': Permission denied
rm: cannot remove '/tmp/FORGE/target/debug/incremental/slacker-1ehkwvlsxfd2d/s-hk51c71knu-1ni8tqi-1hr40iqp35lgkscncmkkgb2nf/557a3k3tqzf1d733rvpq4qz8o.o': Permission denied
rm: cannot remove '/tmp/FORGE/target/debug/incremental/slacker-1ehkwvlsxfd2d/s-hk51c71knu-1ni8tqi-1hr40iqp35lgkscncmkkgb2nf/0rz4476l2tc1yyqtcbs0914rt.o': Permission denied
rm: cannot remove '/tmp/FORGE/target/debug/incremental/slacker-1ehkwvlsxfd2d/s-hk51c71knu-1ni8tqi-1hr40iqp35lgkscncmkkgb2nf/7yf3x119m93ltd3lrqibqjnhe.o': Permission denied
rm: cannot remove '/tmp/FORGE/target/debug/incremental/slacker-1ehkwvlsxfd2d/s-hk51c71knu-1ni8tqi-1hr40iqp35lgkscncmkkgb2nf/53rnef8x3n87xjfbykth55gvy.o': Permission denied
rm: cannot remove '/tmp/FORGE/target/debug/incremental/slacker-1ehkwvlsxfd2d/s-hk51c71knu-1ni8tqi-1hr40iqp35lgkscncmkkgb2nf/4aeqfdaauqkxvakxki0zhnmj5.o': Permission denied
rm: cannot remove '/tmp/FORGE/target/debug/incremental/slacker-1ehkwvlsxfd2d/s-hk51c71knu-1ni8tqi-1hr40iqp35lgkscncmkkgb2nf/9ok2rooitmaf1v1um6nuqtv1k.o': Permission denied
rm: cannot remove '/tmp/FORGE/target/debug/incremental/slacker-1ehkwvlsxfd2d/s-hk51c71knu-1ni8tqi-1hr40iqp35lgkscncmkkgb2nf/39o37jamp6aqbkg53ghaud2rg.o': Permission denied
rm: cannot remove '/tmp/FORGE/target/debug/incremental/slacker-1ehkwvlsxfd2d/s-hk51c71knu-1ni8tqi-1hr40iqp35lgkscncmkkgb2nf/51liidzfe9lprlkkpdw11o95r.o': Permission denied
rm: cannot remove '/tmp/FORGE/target/debug/incremental/slacker-1ehkwvlsxfd2d/s-hk51c71knu-1ni8tqi-1hr40iqp35lgkscncmkkgb2nf/etfb26e5rrtl3x3k5et2j0hgv.o': Permission denied
rm: cannot remove '/tmp/FORGE/target/debug/incremental/slacker-1ehkwvlsxfd2d/s-hk51c71knu-1ni8tqi-1hr40iqp35lgkscncmkkgb2nf/7vh16o7rqv168mcq8fz8gri1u.o': Permission denied
rm: cannot remove '/tmp/FORGE/target/debug/incremental/slacker-1ehkwvlsxfd2d/s-hk51c71knu-1ni8tqi-1hr40iqp35lgkscncmkkgb2nf/64kjj6jsppi11p054q5n3k6c6.o': Permission denied
rm: cannot remove '/tmp/FORGE/target/debug/incremental/slacker-1ehkwvlsxfd2d/s-hk51c71knu-1ni8tqi-1hr40iqp35lgkscncmkkgb2nf/7peaum5i07m1pi0gp5r2keiio.o': Permission denied
rm: cannot remove '/tmp/FORGE/target/debug/incremental/slacker-1ehkwvlsxfd2d/s-hk51c71knu-1ni8tqi-1hr40iqp35lgkscncmkkgb2nf/dnjabxyqotpd09a1f8fq9pg8f.o': Permission denied
rm: cannot remove '/tmp/FORGE/target/debug/incremental/slacker-1ehkwvlsxfd2d/s-hk51c71knu-1ni8tqi-1hr40iqp35lgkscncmkkgb2nf/ddqqay5tilexso1is590d3ttq.o': Permission denied
rm: cannot remove '/tmp/FORGE/target/debug/incremental/slacker-1ehkwvlsxfd2d/s-hk51c71knu-1ni8tqi-1hr40iqp35lgkscncmkkgb2nf/cxtncv0ab06aij95y3tp5t3tg.o': Permission denied
rm: cannot remove '/tmp/FORGE/target/debug/incremental/slacker-1ehkwvlsxfd2d/s-hk51c71knu-1ni8tqi-1hr40iqp35lgkscncmkkgb2nf/6706dwgmbooxyox42cyd34ie7.o': Permission denied
rm: cannot remove '/tmp/FORGE/target/debug/incremental/slacker-1ehkwvlsxfd2d/s-hk51c71knu-1ni8tqi-1hr40iqp35lgkscncmkkgb2nf/9jkwrfehyie2ybvc4w8k5sb2t.o': Permission denied
rm: cannot remove '/tmp/FORGE/target/debug/incremental/slacker-1ehkwvlsxfd2d/s-hk51c71knu-1ni8tqi-1hr40iqp35lgkscncmkkgb2nf/8uk59w8cak3gkrqaf0cdc25ch.o': Permission denied
rm: cannot remove '/tmp/FORGE/target/debug/incremental/slacker-1ehkwvlsxfd2d/s-hk51c71knu-1ni8tqi-1hr40iqp35lgkscncmkkgb2nf/1mafy7g4t04wk82rhxw1n1pio.o': Permission denied
rm: cannot remove '/tmp/FORGE/target/debug/incremental/slacker-1ehkwvlsxfd2d/s-hk51c71knu-1ni8tqi-1hr40iqp35lgkscncmkkgb2nf/bobjm5nxa4h25qkucqu0uf6v8.o': Permission denied
rm: cannot remove '/tmp/FORGE/target/debug/incremental/slacker-1ehkwvlsxfd2d/s-hk51c71knu-1ni8tqi-1hr40iqp35lgkscncmkkgb2nf/1kdpfgpfvr7a1jxnekna22k7m.o': Permission denied
rm: cannot remove '/tmp/FORGE/target/debug/incremental/slacker-1ehkwvlsxfd2d/s-hk51c71knu-1ni8tqi-1hr40iqp35lgkscncmkkgb2nf/eeerwdsbnd4hl9qok0r9xcf0a.o': Permission denied
rm: cannot remove '/tmp/FORGE/target/debug/incremental/slacker-1ehkwvlsxfd2d/s-hk51c71knu-1ni8tqi-1hr40iqp35lgkscncmkkgb2nf/bkw7mdksratrzprx3f75w8e7s.o': Permission denied
rm: cannot remove '/tmp/FORGE/target/debug/incremental/slacker-1ehkwvlsxfd2d/s-hk51c71knu-1ni8tqi-1hr40iqp35lgkscncmkkgb2nf/4p3t1hz72zqxtlr96hvpasm5v.o': Permission denied
rm: cannot remove '/tmp/FORGE/target/debug/incremental/slacker-1ehkwvlsxfd2d/s-hk51c71knu-1ni8tqi-1hr40iqp35lgkscncmkkgb2nf/7z4l8ai5ofd5k5227r5e6qv9k.o': Permission denied
rm: cannot remove '/tmp/FORGE/target/debug/incremental/slacker-1ehkwvlsxfd2d/s-hk51c71knu-1ni8tqi.lock': Permission denied
rm: cannot remove '/tmp/FORGE/target/debug/examples': Permission denied
rm: cannot remove '/tmp/FORGE/target/debug/.cargo-build-lock': Permission denied
rm: cannot remove '/tmp/FORGE/target/debug/build/icu_normalizer_data-e55881f7341e9825/build-script-build': Permission denied
rm: cannot remove '/tmp/FORGE/target/debug/build/icu_normalizer_data-e55881f7341e9825/build_script_build-e55881f7341e9825': Permission denied
rm: cannot remove '/tmp/FORGE/target/debug/build/icu_normalizer_data-e55881f7341e9825/build_script_build-e55881f7341e9825.d': Permission denied
rm: cannot remove '/tmp/FORGE/target/debug/build/icu_properties_data-547ffa80157703c7/build_script_build-547ffa80157703c7.d': Permission denied
rm: cannot remove '/tmp/FORGE/target/debug/build/icu_properties_data-547ffa80157703c7/build-script-build': Permission denied
rm: cannot remove '/tmp/FORGE/target/debug/build/icu_properties_data-547ffa80157703c7/build_script_build-547ffa80157703c7': Permission denied
rm: cannot remove '/tmp/FORGE/target/debug/build/icu_normalizer_data-e537d20a66eaed5d/root-output': Permission denied
rm: cannot remove '/tmp/FORGE/target/debug/build/icu_normalizer_data-e537d20a66eaed5d/output': Permission denied
rm: cannot remove '/tmp/FORGE/target/debug/build/icu_normalizer_data-e537d20a66eaed5d/out': Permission denied
rm: cannot remove '/tmp/FORGE/target/debug/build/icu_normalizer_data-e537d20a66eaed5d/invoked.timestamp': Permission denied
rm: cannot remove '/tmp/FORGE/target/debug/build/icu_normalizer_data-e537d20a66eaed5d/stderr': Permission denied
rm: cannot remove '/tmp/FORGE/target/debug/build/libc-238560b195087134/build_script_build-238560b195087134': Permission denied
rm: cannot remove '/tmp/FORGE/target/debug/build/libc-238560b195087134/build-script-build': Permission denied
rm: cannot remove '/tmp/FORGE/target/debug/build/libc-238560b195087134/build_script_build-238560b195087134.d': Permission denied
rm: cannot remove '/tmp/FORGE/target/debug/build/quote-9f284a9333a26380/root-output': Permission denied
rm: cannot remove '/tmp/FORGE/target/debug/build/quote-9f284a9333a26380/output': Permission denied
rm: cannot remove '/tmp/FORGE/target/debug/build/quote-9f284a9333a26380/out': Permission denied
rm: cannot remove '/tmp/FORGE/target/debug/build/quote-9f284a9333a26380/invoked.timestamp': Permission denied
rm: cannot remove '/tmp/FORGE/target/debug/build/quote-9f284a9333a26380/stderr': Permission denied
rm: cannot remove '/tmp/FORGE/target/debug/build/ring-44d5ef010167a0b2/root-output': Permission denied
rm: cannot remove '/tmp/FORGE/target/debug/build/ring-44d5ef010167a0b2/output': Permission denied
rm: cannot remove '/tmp/FORGE/target/debug/build/ring-44d5ef010167a0b2/out/c322a0bcc369f531-p256-x86_64-asm-elf.o': Permission denied
rm: cannot remove '/tmp/FORGE/target/debug/build/ring-44d5ef010167a0b2/out/a0330e891e733f4e-ecp_nistz.o': Permission denied
rm: cannot remove '/tmp/FORGE/target/debug/build/ring-44d5ef010167a0b2/out/0bbbd18bda93c05b-aes_nohw.o': Permission denied
rm: cannot remove '/tmp/FORGE/target/debug/build/ring-44d5ef010167a0b2/out/c322a0bcc369f531-sha512-x86_64-elf.o': Permission denied
rm: cannot remove '/tmp/FORGE/target/debug/build/ring-44d5ef010167a0b2/out/c322a0bcc369f531-aesni-gcm-x86_64-elf.o': Permission denied
rm: cannot remove '/tmp/FORGE/target/debug/build/ring-44d5ef010167a0b2/out/d5a9841f3dc6e253-poly1305.o': Permission denied
rm: cannot remove '/tmp/FORGE/target/debug/build/ring-44d5ef010167a0b2/out/c322a0bcc369f531-chacha-x86_64-elf.o': Permission denied
rm: cannot remove '/tmp/FORGE/target/debug/build/ring-44d5ef010167a0b2/out/25ac62e5b3c53843-curve25519_64_adx.o': Permission denied
rm: cannot remove '/tmp/FORGE/target/debug/build/ring-44d5ef010167a0b2/out/00c879ee3285a50d-montgomery.o': Permission denied
rm: cannot remove '/tmp/FORGE/target/debug/build/ring-44d5ef010167a0b2/out/a0330e891e733f4e-p256-nistz.o': Permission denied
rm: cannot remove '/tmp/FORGE/target/debug/build/ring-44d5ef010167a0b2/out/c322a0bcc369f531-x86_64-mont-elf.o': Permission denied
rm: cannot remove '/tmp/FORGE/target/debug/build/ring-44d5ef010167a0b2/out/c322a0bcc369f531-aes-gcm-avx2-x86_64-elf.o': Permission denied
rm: cannot remove '/tmp/FORGE/target/debug/build/ring-44d5ef010167a0b2/out/a0330e891e733f4e-gfp_p384.o': Permission denied
rm: cannot remove '/tmp/FORGE/target/debug/build/ring-44d5ef010167a0b2/out/aaa1ba3e455ee2e1-limbs.o': Permission denied
rm: cannot remove '/tmp/FORGE/target/debug/build/ring-44d5ef010167a0b2/out/a4019cc0736b0423-crypto.o': Permission denied
rm: cannot remove '/tmp/FORGE/target/debug/build/ring-44d5ef010167a0b2/out/c322a0bcc369f531-aesni-x86_64-elf.o': Permission denied
rm: cannot remove '/tmp/FORGE/target/debug/build/ring-44d5ef010167a0b2/out/c322a0bcc369f531-chacha20_poly1305_x86_64-elf.o': Permission denied
rm: cannot remove '/tmp/FORGE/target/debug/build/ring-44d5ef010167a0b2/out/a0330e891e733f4e-gfp_p256.o': Permission denied
rm: cannot remove '/tmp/FORGE/target/debug/build/ring-44d5ef010167a0b2/out/c322a0bcc369f531-sha256-x86_64-elf.o': Permission denied
rm: cannot remove '/tmp/FORGE/target/debug/build/ring-44d5ef010167a0b2/out/a0330e891e733f4e-p256.o': Permission denied
rm: cannot remove '/tmp/FORGE/target/debug/build/ring-44d5ef010167a0b2/out/e165cd818145c705-fiat_curve25519_adx_mul.o': Permission denied
rm: cannot remove '/tmp/FORGE/target/debug/build/ring-44d5ef010167a0b2/out/c322a0bcc369f531-ghash-x86_64-elf.o': Permission denied
rm: cannot remove '/tmp/FORGE/target/debug/build/ring-44d5ef010167a0b2/out/a4019cc0736b0423-constant_time_test.o': Permission denied
rm: cannot remove '/tmp/FORGE/target/debug/build/ring-44d5ef010167a0b2/out/25ac62e5b3c53843-curve25519.o': Permission denied
rm: cannot remove '/tmp/FORGE/target/debug/build/ring-44d5ef010167a0b2/out/c322a0bcc369f531-x86_64-mont5-elf.o': Permission denied
rm: cannot remove '/tmp/FORGE/target/debug/build/ring-44d5ef010167a0b2/out/a4019cc0736b0423-mem.o': Permission denied
rm: cannot remove '/tmp/FORGE/target/debug/build/ring-44d5ef010167a0b2/out/00c879ee3285a50d-montgomery_inv.o': Permission denied
rm: cannot remove '/tmp/FORGE/target/debug/build/ring-44d5ef010167a0b2/out/e165cd818145c705-fiat_curve25519_adx_square.o': Permission denied
rm: cannot remove '/tmp/FORGE/target/debug/build/ring-44d5ef010167a0b2/out/libring_core_0_17_14__test.a': Permission denied
rm: cannot remove '/tmp/FORGE/target/debug/build/ring-44d5ef010167a0b2/out/libring_core_0_17_14_.a': Permission denied
rm: cannot remove '/tmp/FORGE/target/debug/build/ring-44d5ef010167a0b2/out/a4019cc0736b0423-cpu_intel.o': Permission denied
rm: cannot remove '/tmp/FORGE/target/debug/build/ring-44d5ef010167a0b2/out/c322a0bcc369f531-vpaes-x86_64-elf.o': Permission denied
rm: cannot remove '/tmp/FORGE/target/debug/build/ring-44d5ef010167a0b2/invoked.timestamp': Permission denied
rm: cannot remove '/tmp/FORGE/target/debug/build/ring-44d5ef010167a0b2/stderr': Permission denied
rm: cannot remove '/tmp/FORGE/target/debug/build/generic-array-6a0e9ca97e90941a/build-script-build': Permission denied
rm: cannot remove '/tmp/FORGE/target/debug/build/generic-array-6a0e9ca97e90941a/build_script_build-6a0e9ca97e90941a.d': Permission denied
rm: cannot remove '/tmp/FORGE/target/debug/build/generic-array-6a0e9ca97e90941a/build_script_build-6a0e9ca97e90941a': Permission denied
rm: cannot remove '/tmp/FORGE/target/debug/build/icu_properties_data-e5f72ea6671e4af6/root-output': Permission denied
rm: cannot remove '/tmp/FORGE/target/debug/build/icu_properties_data-e5f72ea6671e4af6/output': Permission denied
rm: cannot remove '/tmp/FORGE/target/debug/build/icu_properties_data-e5f72ea6671e4af6/out': Permission denied
rm: cannot remove '/tmp/FORGE/target/debug/build/icu_properties_data-e5f72ea6671e4af6/invoked.timestamp': Permission denied
rm: cannot remove '/tmp/FORGE/target/debug/build/icu_properties_data-e5f72ea6671e4af6/stderr': Permission denied
rm: cannot remove '/tmp/FORGE/target/debug/build/generic-array-a328d87421b93c60/root-output': Permission denied
rm: cannot remove '/tmp/FORGE/target/debug/build/generic-array-a328d87421b93c60/output': Permission denied
rm: cannot remove '/tmp/FORGE/target/debug/build/generic-array-a328d87421b93c60/out': Permission denied
rm: cannot remove '/tmp/FORGE/target/debug/build/generic-array-a328d87421b93c60/invoked.timestamp': Permission denied
rm: cannot remove '/tmp/FORGE/target/debug/build/generic-array-a328d87421b93c60/stderr': Permission denied
rm: cannot remove '/tmp/FORGE/target/debug/build/crc32fast-4e545964d20c7a48/root-output': Permission denied
rm: cannot remove '/tmp/FORGE/target/debug/build/crc32fast-4e545964d20c7a48/output': Permission denied
rm: cannot remove '/tmp/FORGE/target/debug/build/crc32fast-4e545964d20c7a48/out': Permission denied
rm: cannot remove '/tmp/FORGE/target/debug/build/crc32fast-4e545964d20c7a48/invoked.timestamp': Permission denied
rm: cannot remove '/tmp/FORGE/target/debug/build/crc32fast-4e545964d20c7a48/stderr': Permission denied
rm: cannot remove '/tmp/FORGE/target/debug/build/ring-9f77575457acaf90/build-script-build': Permission denied
rm: cannot remove '/tmp/FORGE/target/debug/build/ring-9f77575457acaf90/build_script_build-9f77575457acaf90.d': Permission denied
rm: cannot remove '/tmp/FORGE/target/debug/build/ring-9f77575457acaf90/build_script_build-9f77575457acaf90': Permission denied
rm: cannot remove '/tmp/FORGE/target/debug/build/proc-macro2-b4ba4fba41be9a70/build_script_build-b4ba4fba41be9a70': Permission denied
rm: cannot remove '/tmp/FORGE/target/debug/build/proc-macro2-b4ba4fba41be9a70/build-script-build': Permission denied
rm: cannot remove '/tmp/FORGE/target/debug/build/proc-macro2-b4ba4fba41be9a70/build_script_build-b4ba4fba41be9a70.d': Permission denied
rm: cannot remove '/tmp/FORGE/target/debug/build/crc32fast-96c0853f31cad54b/build-script-build': Permission denied
rm: cannot remove '/tmp/FORGE/target/debug/build/crc32fast-96c0853f31cad54b/build_script_build-96c0853f31cad54b.d': Permission denied
rm: cannot remove '/tmp/FORGE/target/debug/build/crc32fast-96c0853f31cad54b/build_script_build-96c0853f31cad54b': Permission denied
rm: cannot remove '/tmp/FORGE/target/debug/build/proc-macro2-08ee02c953e21a8b/root-output': Permission denied
rm: cannot remove '/tmp/FORGE/target/debug/build/proc-macro2-08ee02c953e21a8b/output': Permission denied
rm: cannot remove '/tmp/FORGE/target/debug/build/proc-macro2-08ee02c953e21a8b/out': Permission denied
rm: cannot remove '/tmp/FORGE/target/debug/build/proc-macro2-08ee02c953e21a8b/invoked.timestamp': Permission denied
rm: cannot remove '/tmp/FORGE/target/debug/build/proc-macro2-08ee02c953e21a8b/stderr': Permission denied
rm: cannot remove '/tmp/FORGE/target/debug/build/quote-b78735a199d49e24/build-script-build': Permission denied
rm: cannot remove '/tmp/FORGE/target/debug/build/quote-b78735a199d49e24/build_script_build-b78735a199d49e24': Permission denied
rm: cannot remove '/tmp/FORGE/target/debug/build/quote-b78735a199d49e24/build_script_build-b78735a199d49e24.d': Permission denied
rm: cannot remove '/tmp/FORGE/target/debug/build/libc-9b6b2da90e7dbb78/root-output': Permission denied
rm: cannot remove '/tmp/FORGE/target/debug/build/libc-9b6b2da90e7dbb78/output': Permission denied
rm: cannot remove '/tmp/FORGE/target/debug/build/libc-9b6b2da90e7dbb78/out': Permission denied
rm: cannot remove '/tmp/FORGE/target/debug/build/libc-9b6b2da90e7dbb78/invoked.timestamp': Permission denied
rm: cannot remove '/tmp/FORGE/target/debug/build/libc-9b6b2da90e7dbb78/stderr': Permission denied
rm: cannot remove '/tmp/FORGE/target/debug/build/rustls-4943dd586963b77b/root-output': Permission denied
rm: cannot remove '/tmp/FORGE/target/debug/build/rustls-4943dd586963b77b/output': Permission denied
rm: cannot remove '/tmp/FORGE/target/debug/build/rustls-4943dd586963b77b/out': Permission denied
rm: cannot remove '/tmp/FORGE/target/debug/build/rustls-4943dd586963b77b/invoked.timestamp': Permission denied
rm: cannot remove '/tmp/FORGE/target/debug/build/rustls-4943dd586963b77b/stderr': Permission denied
rm: cannot remove '/tmp/FORGE/target/debug/build/rustls-e87bdccd3c89e0ce/build-script-build': Permission denied
rm: cannot remove '/tmp/FORGE/target/debug/build/rustls-e87bdccd3c89e0ce/build_script_build-e87bdccd3c89e0ce.d': Permission denied
rm: cannot remove '/tmp/FORGE/target/debug/build/rustls-e87bdccd3c89e0ce/build_script_build-e87bdccd3c89e0ce': Permission denied
rm: cannot remove '/tmp/FORGE/target/debug/.fingerprint/libc-39db4bdda4d40754/lib-libc': Permission denied
rm: cannot remove '/tmp/FORGE/target/debug/.fingerprint/libc-39db4bdda4d40754/lib-libc.json': Permission denied
rm: cannot remove '/tmp/FORGE/target/debug/.fingerprint/libc-39db4bdda4d40754/invoked.timestamp': Permission denied
rm: cannot remove '/tmp/FORGE/target/debug/.fingerprint/libc-39db4bdda4d40754/dep-lib-libc': Permission denied
rm: cannot remove '/tmp/FORGE/target/debug/.fingerprint/icu_normalizer_data-e55881f7341e9825/build-script-build-script-build': Permission denied
rm: cannot remove '/tmp/FORGE/target/debug/.fingerprint/icu_normalizer_data-e55881f7341e9825/build-script-build-script-build.json': Permission denied
rm: cannot remove '/tmp/FORGE/target/debug/.fingerprint/icu_normalizer_data-e55881f7341e9825/invoked.timestamp': Permission denied
rm: cannot remove '/tmp/FORGE/target/debug/.fingerprint/icu_normalizer_data-e55881f7341e9825/dep-build-script-build-script-build': Permission denied
rm: cannot remove '/tmp/FORGE/target/debug/.fingerprint/getrandom-705f8819c2a6a021/lib-getrandom': Permission denied
rm: cannot remove '/tmp/FORGE/target/debug/.fingerprint/getrandom-705f8819c2a6a021/lib-getrandom.json': Permission denied
rm: cannot remove '/tmp/FORGE/target/debug/.fingerprint/getrandom-705f8819c2a6a021/invoked.timestamp': Permission denied
rm: cannot remove '/tmp/FORGE/target/debug/.fingerprint/getrandom-705f8819c2a6a021/dep-lib-getrandom': Permission denied
rm: cannot remove '/tmp/FORGE/target/debug/.fingerprint/icu_provider-221818aaad041ed9/lib-icu_provider': Permission denied
rm: cannot remove '/tmp/FORGE/target/debug/.fingerprint/icu_provider-221818aaad041ed9/dep-lib-icu_provider': Permission denied
rm: cannot remove '/tmp/FORGE/target/debug/.fingerprint/icu_provider-221818aaad041ed9/invoked.timestamp': Permission denied
rm: cannot remove '/tmp/FORGE/target/debug/.fingerprint/icu_provider-221818aaad041ed9/lib-icu_provider.json': Permission denied
rm: cannot remove '/tmp/FORGE/target/debug/.fingerprint/url-ecdbb4989af3b971/dep-lib-url': Permission denied
rm: cannot remove '/tmp/FORGE/target/debug/.fingerprint/url-ecdbb4989af3b971/lib-url': Permission denied
rm: cannot remove '/tmp/FORGE/target/debug/.fingerprint/url-ecdbb4989af3b971/lib-url.json': Permission denied
rm: cannot remove '/tmp/FORGE/target/debug/.fingerprint/url-ecdbb4989af3b971/invoked.timestamp': Permission denied
rm: cannot remove '/tmp/FORGE/target/debug/.fingerprint/synstructure-15ff8a89237f4156/lib-synstructure': Permission denied
rm: cannot remove '/tmp/FORGE/target/debug/.fingerprint/synstructure-15ff8a89237f4156/lib-synstructure.json': Permission denied
rm: cannot remove '/tmp/FORGE/target/debug/.fingerprint/synstructure-15ff8a89237f4156/dep-lib-synstructure': Permission denied
rm: cannot remove '/tmp/FORGE/target/debug/.fingerprint/synstructure-15ff8a89237f4156/invoked.timestamp': Permission denied
rm: cannot remove '/tmp/FORGE/target/debug/.fingerprint/adler2-36e531a8eec92d4d/dep-lib-adler2': Permission denied
rm: cannot remove '/tmp/FORGE/target/debug/.fingerprint/adler2-36e531a8eec92d4d/lib-adler2.json': Permission denied
rm: cannot remove '/tmp/FORGE/target/debug/.fingerprint/adler2-36e531a8eec92d4d/lib-adler2': Permission denied
rm: cannot remove '/tmp/FORGE/target/debug/.fingerprint/adler2-36e531a8eec92d4d/invoked.timestamp': Permission denied
rm: cannot remove '/tmp/FORGE/target/debug/.fingerprint/displaydoc-1114b40245e20844/lib-displaydoc.json': Permission denied
rm: cannot remove '/tmp/FORGE/target/debug/.fingerprint/displaydoc-1114b40245e20844/lib-displaydoc': Permission denied
rm: cannot remove '/tmp/FORGE/target/debug/.fingerprint/displaydoc-1114b40245e20844/dep-lib-displaydoc': Permission denied
rm: cannot remove '/tmp/FORGE/target/debug/.fingerprint/displaydoc-1114b40245e20844/invoked.timestamp': Permission denied
rm: cannot remove '/tmp/FORGE/target/debug/.fingerprint/regex-syntax-64f87345d0c507de/dep-lib-regex_syntax': Permission denied
rm: cannot remove '/tmp/FORGE/target/debug/.fingerprint/regex-syntax-64f87345d0c507de/lib-regex_syntax.json': Permission denied
rm: cannot remove '/tmp/FORGE/target/debug/.fingerprint/regex-syntax-64f87345d0c507de/invoked.timestamp': Permission denied
rm: cannot remove '/tmp/FORGE/target/debug/.fingerprint/regex-syntax-64f87345d0c507de/lib-regex_syntax': Permission denied
rm: cannot remove '/tmp/FORGE/target/debug/.fingerprint/icu_normalizer_data-a5f8018e521273cb/dep-lib-icu_normalizer_data': Permission denied
rm: cannot remove '/tmp/FORGE/target/debug/.fingerprint/icu_normalizer_data-a5f8018e521273cb/lib-icu_normalizer_data': Permission denied
rm: cannot remove '/tmp/FORGE/target/debug/.fingerprint/icu_normalizer_data-a5f8018e521273cb/invoked.timestamp': Permission denied
rm: cannot remove '/tmp/FORGE/target/debug/.fingerprint/icu_normalizer_data-a5f8018e521273cb/lib-icu_normalizer_data.json': Permission denied
rm: cannot remove '/tmp/FORGE/target/debug/.fingerprint/digest-8206b6aaa8c578a6/dep-lib-digest': Permission denied
rm: cannot remove '/tmp/FORGE/target/debug/.fingerprint/digest-8206b6aaa8c578a6/lib-digest': Permission denied
rm: cannot remove '/tmp/FORGE/target/debug/.fingerprint/digest-8206b6aaa8c578a6/invoked.timestamp': Permission denied
rm: cannot remove '/tmp/FORGE/target/debug/.fingerprint/digest-8206b6aaa8c578a6/lib-digest.json': Permission denied
rm: cannot remove '/tmp/FORGE/target/debug/.fingerprint/potential_utf-e3c004e28ac9f984/lib-potential_utf': Permission denied
rm: cannot remove '/tmp/FORGE/target/debug/.fingerprint/potential_utf-e3c004e28ac9f984/invoked.timestamp': Permission denied
rm: cannot remove '/tmp/FORGE/target/debug/.fingerprint/potential_utf-e3c004e28ac9f984/lib-potential_utf.json': Permission denied
rm: cannot remove '/tmp/FORGE/target/debug/.fingerprint/potential_utf-e3c004e28ac9f984/dep-lib-potential_utf': Permission denied
rm: cannot remove '/tmp/FORGE/target/debug/.fingerprint/clap-c73861922df6aa1f/dep-lib-clap': Permission denied
rm: cannot remove '/tmp/FORGE/target/debug/.fingerprint/clap-c73861922df6aa1f/lib-clap.json': Permission denied
rm: cannot remove '/tmp/FORGE/target/debug/.fingerprint/clap-c73861922df6aa1f/lib-clap': Permission denied
rm: cannot remove '/tmp/FORGE/target/debug/.fingerprint/clap-c73861922df6aa1f/invoked.timestamp': Permission denied
rm: cannot remove '/tmp/FORGE/target/debug/.fingerprint/litemap-851dee8f8f31306a/dep-lib-litemap': Permission denied
rm: cannot remove '/tmp/FORGE/target/debug/.fingerprint/litemap-851dee8f8f31306a/invoked.timestamp': Permission denied
rm: cannot remove '/tmp/FORGE/target/debug/.fingerprint/litemap-851dee8f8f31306a/lib-litemap': Permission denied
rm: cannot remove '/tmp/FORGE/target/debug/.fingerprint/litemap-851dee8f8f31306a/lib-litemap.json': Permission denied
rm: cannot remove '/tmp/FORGE/target/debug/.fingerprint/icu_normalizer-73ff296363796498/dep-lib-icu_normalizer': Permission denied
rm: cannot remove '/tmp/FORGE/target/debug/.fingerprint/icu_normalizer-73ff296363796498/lib-icu_normalizer.json': Permission denied
rm: cannot remove '/tmp/FORGE/target/debug/.fingerprint/icu_normalizer-73ff296363796498/invoked.timestamp': Permission denied
rm: cannot remove '/tmp/FORGE/target/debug/.fingerprint/icu_normalizer-73ff296363796498/lib-icu_normalizer': Permission denied
rm: cannot remove '/tmp/FORGE/target/debug/.fingerprint/syn-eb7077c96f82c55b/dep-lib-syn': Permission denied
rm: cannot remove '/tmp/FORGE/target/debug/.fingerprint/syn-eb7077c96f82c55b/lib-syn': Permission denied
rm: cannot remove '/tmp/FORGE/target/debug/.fingerprint/syn-eb7077c96f82c55b/lib-syn.json': Permission denied
rm: cannot remove '/tmp/FORGE/target/debug/.fingerprint/syn-eb7077c96f82c55b/invoked.timestamp': Permission denied
rm: cannot remove '/tmp/FORGE/target/debug/.fingerprint/regex-automata-0688364fd68e4658/dep-lib-regex_automata': Permission denied
rm: cannot remove '/tmp/FORGE/target/debug/.fingerprint/regex-automata-0688364fd68e4658/lib-regex_automata.json': Permission denied
rm: cannot remove '/tmp/FORGE/target/debug/.fingerprint/regex-automata-0688364fd68e4658/invoked.timestamp': Permission denied
rm: cannot remove '/tmp/FORGE/target/debug/.fingerprint/regex-automata-0688364fd68e4658/lib-regex_automata': Permission denied
rm: cannot remove '/tmp/FORGE/target/debug/.fingerprint/once_cell-f17a9fee07f43c3e/lib-once_cell': Permission denied
rm: cannot remove '/tmp/FORGE/target/debug/.fingerprint/once_cell-f17a9fee07f43c3e/lib-once_cell.json': Permission denied
rm: cannot remove '/tmp/FORGE/target/debug/.fingerprint/once_cell-f17a9fee07f43c3e/dep-lib-once_cell': Permission denied
rm: cannot remove '/tmp/FORGE/target/debug/.fingerprint/once_cell-f17a9fee07f43c3e/invoked.timestamp': Permission denied
rm: cannot remove '/tmp/FORGE/target/debug/.fingerprint/icu_properties_data-547ffa80157703c7/build-script-build-script-build': Permission denied
rm: cannot remove '/tmp/FORGE/target/debug/.fingerprint/icu_properties_data-547ffa80157703c7/build-script-build-script-build.json': Permission denied
rm: cannot remove '/tmp/FORGE/target/debug/.fingerprint/icu_properties_data-547ffa80157703c7/invoked.timestamp': Permission denied
rm: cannot remove '/tmp/FORGE/target/debug/.fingerprint/icu_properties_data-547ffa80157703c7/dep-build-script-build-script-build': Permission denied
rm: cannot remove '/tmp/FORGE/target/debug/.fingerprint/slacker-c5560acfd55c32b0/test-bin-slacker.json': Permission denied
rm: cannot remove '/tmp/FORGE/target/debug/.fingerprint/slacker-c5560acfd55c32b0/test-bin-slacker': Permission denied
rm: cannot remove '/tmp/FORGE/target/debug/.fingerprint/slacker-c5560acfd55c32b0/invoked.timestamp': Permission denied
rm: cannot remove '/tmp/FORGE/target/debug/.fingerprint/slacker-c5560acfd55c32b0/dep-test-bin-slacker': Permission denied
rm: cannot remove '/tmp/FORGE/target/debug/.fingerprint/subtle-75ad33c22a2b59c3/lib-subtle': Permission denied
rm: cannot remove '/tmp/FORGE/target/debug/.fingerprint/subtle-75ad33c22a2b59c3/lib-subtle.json': Permission denied
rm: cannot remove '/tmp/FORGE/target/debug/.fingerprint/subtle-75ad33c22a2b59c3/dep-lib-subtle': Permission denied
rm: cannot remove '/tmp/FORGE/target/debug/.fingerprint/subtle-75ad33c22a2b59c3/invoked.timestamp': Permission denied
rm: cannot remove '/tmp/FORGE/target/debug/.fingerprint/crc32fast-b9a4442fd7060e9b/lib-crc32fast': Permission denied
rm: cannot remove '/tmp/FORGE/target/debug/.fingerprint/crc32fast-b9a4442fd7060e9b/lib-crc32fast.json': Permission denied
rm: cannot remove '/tmp/FORGE/target/debug/.fingerprint/crc32fast-b9a4442fd7060e9b/invoked.timestamp': Permission denied
rm: cannot remove '/tmp/FORGE/target/debug/.fingerprint/crc32fast-b9a4442fd7060e9b/dep-lib-crc32fast': Permission denied
rm: cannot remove '/tmp/FORGE/target/debug/.fingerprint/utf8_iter-2875d34773dc383b/dep-lib-utf8_iter': Permission denied
rm: cannot remove '/tmp/FORGE/target/debug/.fingerprint/utf8_iter-2875d34773dc383b/lib-utf8_iter.json': Permission denied
rm: cannot remove '/tmp/FORGE/target/debug/.fingerprint/utf8_iter-2875d34773dc383b/lib-utf8_iter': Permission denied
rm: cannot remove '/tmp/FORGE/target/debug/.fingerprint/utf8_iter-2875d34773dc383b/invoked.timestamp': Permission denied
rm: cannot remove '/tmp/FORGE/target/debug/.fingerprint/anstyle-bb80be43da43ad51/lib-anstyle': Permission denied
rm: cannot remove '/tmp/FORGE/target/debug/.fingerprint/anstyle-bb80be43da43ad51/lib-anstyle.json': Permission denied
rm: cannot remove '/tmp/FORGE/target/debug/.fingerprint/anstyle-bb80be43da43ad51/invoked.timestamp': Permission denied
rm: cannot remove '/tmp/FORGE/target/debug/.fingerprint/anstyle-bb80be43da43ad51/dep-lib-anstyle': Permission denied
rm: cannot remove '/tmp/FORGE/target/debug/.fingerprint/icu_normalizer_data-e537d20a66eaed5d/run-build-script-build-script-build': Permission denied
rm: cannot remove '/tmp/FORGE/target/debug/.fingerprint/icu_normalizer_data-e537d20a66eaed5d/run-build-script-build-script-build.json': Permission denied
rm: cannot remove '/tmp/FORGE/target/debug/.fingerprint/find-msvc-tools-8ea0226f23c5fd8a/lib-find_msvc_tools': Permission denied
rm: cannot remove '/tmp/FORGE/target/debug/.fingerprint/find-msvc-tools-8ea0226f23c5fd8a/lib-find_msvc_tools.json': Permission denied
rm: cannot remove '/tmp/FORGE/target/debug/.fingerprint/find-msvc-tools-8ea0226f23c5fd8a/dep-lib-find_msvc_tools': Permission denied
rm: cannot remove '/tmp/FORGE/target/debug/.fingerprint/find-msvc-tools-8ea0226f23c5fd8a/invoked.timestamp': Permission denied
rm: cannot remove '/tmp/FORGE/target/debug/.fingerprint/smallvec-f3427b6d09875680/lib-smallvec.json': Permission denied
rm: cannot remove '/tmp/FORGE/target/debug/.fingerprint/smallvec-f3427b6d09875680/dep-lib-smallvec': Permission denied
rm: cannot remove '/tmp/FORGE/target/debug/.fingerprint/smallvec-f3427b6d09875680/invoked.timestamp': Permission denied
rm: cannot remove '/tmp/FORGE/target/debug/.fingerprint/smallvec-f3427b6d09875680/lib-smallvec': Permission denied
rm: cannot remove '/tmp/FORGE/target/debug/.fingerprint/aho-corasick-f4ae542d732a861e/lib-aho_corasick': Permission denied
rm: cannot remove '/tmp/FORGE/target/debug/.fingerprint/aho-corasick-f4ae542d732a861e/dep-lib-aho_corasick': Permission denied
rm: cannot remove '/tmp/FORGE/target/debug/.fingerprint/aho-corasick-f4ae542d732a861e/lib-aho_corasick.json': Permission denied
rm: cannot remove '/tmp/FORGE/target/debug/.fingerprint/aho-corasick-f4ae542d732a861e/invoked.timestamp': Permission denied
rm: cannot remove '/tmp/FORGE/target/debug/.fingerprint/libc-238560b195087134/build-script-build-script-build': Permission denied
rm: cannot remove '/tmp/FORGE/target/debug/.fingerprint/libc-238560b195087134/build-script-build-script-build.json': Permission denied
rm: cannot remove '/tmp/FORGE/target/debug/.fingerprint/libc-238560b195087134/invoked.timestamp': Permission denied
rm: cannot remove '/tmp/FORGE/target/debug/.fingerprint/libc-238560b195087134/dep-build-script-build-script-build': Permission denied
rm: cannot remove '/tmp/FORGE/target/debug/.fingerprint/ureq-0767e12762ac4f9b/lib-ureq.json': Permission denied
rm: cannot remove '/tmp/FORGE/target/debug/.fingerprint/ureq-0767e12762ac4f9b/dep-lib-ureq': Permission denied
rm: cannot remove '/tmp/FORGE/target/debug/.fingerprint/ureq-0767e12762ac4f9b/lib-ureq': Permission denied
rm: cannot remove '/tmp/FORGE/target/debug/.fingerprint/ureq-0767e12762ac4f9b/invoked.timestamp': Permission denied
rm: cannot remove '/tmp/FORGE/target/debug/.fingerprint/quote-9f284a9333a26380/run-build-script-build-script-build': Permission denied
rm: cannot remove '/tmp/FORGE/target/debug/.fingerprint/quote-9f284a9333a26380/run-build-script-build-script-build.json': Permission denied
rm: cannot remove '/tmp/FORGE/target/debug/.fingerprint/icu_properties-8b84364b8060cf28/lib-icu_properties': Permission denied
rm: cannot remove '/tmp/FORGE/target/debug/.fingerprint/icu_properties-8b84364b8060cf28/invoked.timestamp': Permission denied
rm: cannot remove '/tmp/FORGE/target/debug/.fingerprint/icu_properties-8b84364b8060cf28/lib-icu_properties.json': Permission denied
rm: cannot remove '/tmp/FORGE/target/debug/.fingerprint/icu_properties-8b84364b8060cf28/dep-lib-icu_properties': Permission denied
rm: cannot remove '/tmp/FORGE/target/debug/.fingerprint/typenum-21a7f388e9ff2c6c/lib-typenum': Permission denied
rm: cannot remove '/tmp/FORGE/target/debug/.fingerprint/typenum-21a7f388e9ff2c6c/dep-lib-typenum': Permission denied
rm: cannot remove '/tmp/FORGE/target/debug/.fingerprint/typenum-21a7f388e9ff2c6c/invoked.timestamp': Permission denied
rm: cannot remove '/tmp/FORGE/target/debug/.fingerprint/typenum-21a7f388e9ff2c6c/lib-typenum.json': Permission denied
rm: cannot remove '/tmp/FORGE/target/debug/.fingerprint/generic-array-8b6ddf3be59df0f5/lib-generic_array.json': Permission denied
rm: cannot remove '/tmp/FORGE/target/debug/.fingerprint/generic-array-8b6ddf3be59df0f5/lib-generic_array': Permission denied
rm: cannot remove '/tmp/FORGE/target/debug/.fingerprint/generic-array-8b6ddf3be59df0f5/invoked.timestamp': Permission denied
rm: cannot remove '/tmp/FORGE/target/debug/.fingerprint/generic-array-8b6ddf3be59df0f5/dep-lib-generic_array': Permission denied
rm: cannot remove '/tmp/FORGE/target/debug/.fingerprint/form_urlencoded-c723f858cd92c656/lib-form_urlencoded': Permission denied
rm: cannot remove '/tmp/FORGE/target/debug/.fingerprint/form_urlencoded-c723f858cd92c656/lib-form_urlencoded.json': Permission denied
rm: cannot remove '/tmp/FORGE/target/debug/.fingerprint/form_urlencoded-c723f858cd92c656/dep-lib-form_urlencoded': Permission denied
rm: cannot remove '/tmp/FORGE/target/debug/.fingerprint/form_urlencoded-c723f858cd92c656/invoked.timestamp': Permission denied
rm: cannot remove '/tmp/FORGE/target/debug/.fingerprint/flate2-429a7157a50fbfd3/dep-lib-flate2': Permission denied
rm: cannot remove '/tmp/FORGE/target/debug/.fingerprint/flate2-429a7157a50fbfd3/lib-flate2.json': Permission denied
rm: cannot remove '/tmp/FORGE/target/debug/.fingerprint/flate2-429a7157a50fbfd3/invoked.timestamp': Permission denied
rm: cannot remove '/tmp/FORGE/target/debug/.fingerprint/flate2-429a7157a50fbfd3/lib-flate2': Permission denied
rm: cannot remove '/tmp/FORGE/target/debug/.fingerprint/zerofrom-b58cac360bf99908/lib-zerofrom': Permission denied
rm: cannot remove '/tmp/FORGE/target/debug/.fingerprint/zerofrom-b58cac360bf99908/dep-lib-zerofrom': Permission denied
rm: cannot remove '/tmp/FORGE/target/debug/.fingerprint/zerofrom-b58cac360bf99908/invoked.timestamp': Permission denied
rm: cannot remove '/tmp/FORGE/target/debug/.fingerprint/zerofrom-b58cac360bf99908/lib-zerofrom.json': Permission denied
rm: cannot remove '/tmp/FORGE/target/debug/.fingerprint/zerovec-558669777918722a/lib-zerovec.json': Permission denied
rm: cannot remove '/tmp/FORGE/target/debug/.fingerprint/zerovec-558669777918722a/dep-lib-zerovec': Permission denied
rm: cannot remove '/tmp/FORGE/target/debug/.fingerprint/zerovec-558669777918722a/invoked.timestamp': Permission denied
rm: cannot remove '/tmp/FORGE/target/debug/.fingerprint/zerovec-558669777918722a/lib-zerovec': Permission denied
rm: cannot remove '/tmp/FORGE/target/debug/.fingerprint/cc-a0d83c1465747b39/lib-cc': Permission denied
rm: cannot remove '/tmp/FORGE/target/debug/.fingerprint/cc-a0d83c1465747b39/lib-cc.json': Permission denied
rm: cannot remove '/tmp/FORGE/target/debug/.fingerprint/cc-a0d83c1465747b39/dep-lib-cc': Permission denied
rm: cannot remove '/tmp/FORGE/target/debug/.fingerprint/cc-a0d83c1465747b39/invoked.timestamp': Permission denied
rm: cannot remove '/tmp/FORGE/target/debug/.fingerprint/rustls-pki-types-cd3c26d743e7f687/dep-lib-rustls_pki_types': Permission denied
rm: cannot remove '/tmp/FORGE/target/debug/.fingerprint/rustls-pki-types-cd3c26d743e7f687/invoked.timestamp': Permission denied
rm: cannot remove '/tmp/FORGE/target/debug/.fingerprint/rustls-pki-types-cd3c26d743e7f687/lib-rustls_pki_types': Permission denied
rm: cannot remove '/tmp/FORGE/target/debug/.fingerprint/rustls-pki-types-cd3c26d743e7f687/lib-rustls_pki_types.json': Permission denied
rm: cannot remove '/tmp/FORGE/target/debug/.fingerprint/ring-44d5ef010167a0b2/run-build-script-build-script-build': Permission denied
rm: cannot remove '/tmp/FORGE/target/debug/.fingerprint/ring-44d5ef010167a0b2/run-build-script-build-script-build.json': Permission denied
rm: cannot remove '/tmp/FORGE/target/debug/.fingerprint/icu_locale_core-a024f0652764d7f4/lib-icu_locale_core': Permission denied
rm: cannot remove '/tmp/FORGE/target/debug/.fingerprint/icu_locale_core-a024f0652764d7f4/lib-icu_locale_core.json': Permission denied
rm: cannot remove '/tmp/FORGE/target/debug/.fingerprint/icu_locale_core-a024f0652764d7f4/invoked.timestamp': Permission denied
rm: cannot remove '/tmp/FORGE/target/debug/.fingerprint/icu_locale_core-a024f0652764d7f4/dep-lib-icu_locale_core': Permission denied
rm: cannot remove '/tmp/FORGE/target/debug/.fingerprint/zerofrom-derive-a5f20f6c6217da0b/lib-zerofrom_derive.json': Permission denied
rm: cannot remove '/tmp/FORGE/target/debug/.fingerprint/zerofrom-derive-a5f20f6c6217da0b/lib-zerofrom_derive': Permission denied
rm: cannot remove '/tmp/FORGE/target/debug/.fingerprint/zerofrom-derive-a5f20f6c6217da0b/invoked.timestamp': Permission denied
rm: cannot remove '/tmp/FORGE/target/debug/.fingerprint/zerofrom-derive-a5f20f6c6217da0b/dep-lib-zerofrom_derive': Permission denied
rm: cannot remove '/tmp/FORGE/target/debug/.fingerprint/generic-array-6a0e9ca97e90941a/build-script-build-script-build': Permission denied
rm: cannot remove '/tmp/FORGE/target/debug/.fingerprint/generic-array-6a0e9ca97e90941a/build-script-build-script-build.json': Permission denied
rm: cannot remove '/tmp/FORGE/target/debug/.fingerprint/generic-array-6a0e9ca97e90941a/invoked.timestamp': Permission denied
rm: cannot remove '/tmp/FORGE/target/debug/.fingerprint/generic-array-6a0e9ca97e90941a/dep-build-script-build-script-build': Permission denied
rm: cannot remove '/tmp/FORGE/target/debug/.fingerprint/simd-adler32-b7093f36a00a28a0/dep-lib-simd_adler32': Permission denied
rm: cannot remove '/tmp/FORGE/target/debug/.fingerprint/simd-adler32-b7093f36a00a28a0/lib-simd_adler32.json': Permission denied
rm: cannot remove '/tmp/FORGE/target/debug/.fingerprint/simd-adler32-b7093f36a00a28a0/lib-simd_adler32': Permission denied
rm: cannot remove '/tmp/FORGE/target/debug/.fingerprint/simd-adler32-b7093f36a00a28a0/invoked.timestamp': Permission denied
rm: cannot remove '/tmp/FORGE/target/debug/.fingerprint/miniz_oxide-8907e0b169191d4b/invoked.timestamp': Permission denied
rm: cannot remove '/tmp/FORGE/target/debug/.fingerprint/miniz_oxide-8907e0b169191d4b/dep-lib-miniz_oxide': Permission denied
rm: cannot remove '/tmp/FORGE/target/debug/.fingerprint/miniz_oxide-8907e0b169191d4b/lib-miniz_oxide': Permission denied
rm: cannot remove '/tmp/FORGE/target/debug/.fingerprint/miniz_oxide-8907e0b169191d4b/lib-miniz_oxide.json': Permission denied
rm: cannot remove '/tmp/FORGE/target/debug/.fingerprint/idna_adapter-5205db1d1f8ed9b6/dep-lib-idna_adapter': Permission denied
rm: cannot remove '/tmp/FORGE/target/debug/.fingerprint/idna_adapter-5205db1d1f8ed9b6/lib-idna_adapter': Permission denied
rm: cannot remove '/tmp/FORGE/target/debug/.fingerprint/idna_adapter-5205db1d1f8ed9b6/lib-idna_adapter.json': Permission denied
rm: cannot remove '/tmp/FORGE/target/debug/.fingerprint/idna_adapter-5205db1d1f8ed9b6/invoked.timestamp': Permission denied
rm: cannot remove '/tmp/FORGE/target/debug/.fingerprint/zeroize-93327f9adc8f2cbf/lib-zeroize.json': Permission denied
rm: cannot remove '/tmp/FORGE/target/debug/.fingerprint/zeroize-93327f9adc8f2cbf/lib-zeroize': Permission denied
rm: cannot remove '/tmp/FORGE/target/debug/.fingerprint/zeroize-93327f9adc8f2cbf/invoked.timestamp': Permission denied
rm: cannot remove '/tmp/FORGE/target/debug/.fingerprint/zeroize-93327f9adc8f2cbf/dep-lib-zeroize': Permission denied
rm: cannot remove '/tmp/FORGE/target/debug/.fingerprint/idna-f234678e370ff7af/dep-lib-idna': Permission denied
rm: cannot remove '/tmp/FORGE/target/debug/.fingerprint/idna-f234678e370ff7af/lib-idna.json': Permission denied
rm: cannot remove '/tmp/FORGE/target/debug/.fingerprint/idna-f234678e370ff7af/lib-idna': Permission denied
rm: cannot remove '/tmp/FORGE/target/debug/.fingerprint/idna-f234678e370ff7af/invoked.timestamp': Permission denied
rm: cannot remove '/tmp/FORGE/target/debug/.fingerprint/anstyle-parse-6828f61580c72723/dep-lib-anstyle_parse': Permission denied
rm: cannot remove '/tmp/FORGE/target/debug/.fingerprint/anstyle-parse-6828f61580c72723/lib-anstyle_parse': Permission denied
rm: cannot remove '/tmp/FORGE/target/debug/.fingerprint/anstyle-parse-6828f61580c72723/lib-anstyle_parse.json': Permission denied
rm: cannot remove '/tmp/FORGE/target/debug/.fingerprint/anstyle-parse-6828f61580c72723/invoked.timestamp': Permission denied
rm: cannot remove '/tmp/FORGE/target/debug/.fingerprint/tinystr-5eba9f15ac8bc1b7/dep-lib-tinystr': Permission denied
rm: cannot remove '/tmp/FORGE/target/debug/.fingerprint/tinystr-5eba9f15ac8bc1b7/lib-tinystr': Permission denied
rm: cannot remove '/tmp/FORGE/target/debug/.fingerprint/tinystr-5eba9f15ac8bc1b7/lib-tinystr.json': Permission denied
rm: cannot remove '/tmp/FORGE/target/debug/.fingerprint/tinystr-5eba9f15ac8bc1b7/invoked.timestamp': Permission denied
rm: cannot remove '/tmp/FORGE/target/debug/.fingerprint/zerovec-derive-f707f60e91b10b54/lib-zerovec_derive': Permission denied
rm: cannot remove '/tmp/FORGE/target/debug/.fingerprint/zerovec-derive-f707f60e91b10b54/invoked.timestamp': Permission denied
rm: cannot remove '/tmp/FORGE/target/debug/.fingerprint/zerovec-derive-f707f60e91b10b54/lib-zerovec_derive.json': Permission denied
rm: cannot remove '/tmp/FORGE/target/debug/.fingerprint/zerovec-derive-f707f60e91b10b54/dep-lib-zerovec_derive': Permission denied
rm: cannot remove '/tmp/FORGE/target/debug/.fingerprint/log-8dd3bd2edce6d634/dep-lib-log': Permission denied
rm: cannot remove '/tmp/FORGE/target/debug/.fingerprint/log-8dd3bd2edce6d634/lib-log': Permission denied
rm: cannot remove '/tmp/FORGE/target/debug/.fingerprint/log-8dd3bd2edce6d634/invoked.timestamp': Permission denied
rm: cannot remove '/tmp/FORGE/target/debug/.fingerprint/log-8dd3bd2edce6d634/lib-log.json': Permission denied
rm: cannot remove '/tmp/FORGE/target/debug/.fingerprint/quote-5ebdcda06be29d6c/lib-quote.json': Permission denied
rm: cannot remove '/tmp/FORGE/target/debug/.fingerprint/quote-5ebdcda06be29d6c/dep-lib-quote': Permission denied
rm: cannot remove '/tmp/FORGE/target/debug/.fingerprint/quote-5ebdcda06be29d6c/invoked.timestamp': Permission denied
rm: cannot remove '/tmp/FORGE/target/debug/.fingerprint/quote-5ebdcda06be29d6c/lib-quote': Permission denied
rm: cannot remove '/tmp/FORGE/target/debug/.fingerprint/rustls-aeebe3e66f21a5d7/dep-lib-rustls': Permission denied
rm: cannot remove '/tmp/FORGE/target/debug/.fingerprint/rustls-aeebe3e66f21a5d7/lib-rustls.json': Permission denied
rm: cannot remove '/tmp/FORGE/target/debug/.fingerprint/rustls-aeebe3e66f21a5d7/invoked.timestamp': Permission denied
rm: cannot remove '/tmp/FORGE/target/debug/.fingerprint/rustls-aeebe3e66f21a5d7/lib-rustls': Permission denied
rm: cannot remove '/tmp/FORGE/target/debug/.fingerprint/writeable-353aafef569bd9d3/lib-writeable.json': Permission denied
rm: cannot remove '/tmp/FORGE/target/debug/.fingerprint/writeable-353aafef569bd9d3/lib-writeable': Permission denied
rm: cannot remove '/tmp/FORGE/target/debug/.fingerprint/writeable-353aafef569bd9d3/dep-lib-writeable': Permission denied
rm: cannot remove '/tmp/FORGE/target/debug/.fingerprint/writeable-353aafef569bd9d3/invoked.timestamp': Permission denied
rm: cannot remove '/tmp/FORGE/target/debug/.fingerprint/colorchoice-a2ad5875f67929d1/lib-colorchoice': Permission denied
rm: cannot remove '/tmp/FORGE/target/debug/.fingerprint/colorchoice-a2ad5875f67929d1/lib-colorchoice.json': Permission denied
rm: cannot remove '/tmp/FORGE/target/debug/.fingerprint/colorchoice-a2ad5875f67929d1/invoked.timestamp': Permission denied
rm: cannot remove '/tmp/FORGE/target/debug/.fingerprint/colorchoice-a2ad5875f67929d1/dep-lib-colorchoice': Permission denied
rm: cannot remove '/tmp/FORGE/target/debug/.fingerprint/icu_properties_data-e5f72ea6671e4af6/run-build-script-build-script-build': Permission denied
rm: cannot remove '/tmp/FORGE/target/debug/.fingerprint/icu_properties_data-e5f72ea6671e4af6/run-build-script-build-script-build.json': Permission denied
rm: cannot remove '/tmp/FORGE/target/debug/.fingerprint/strsim-fe43c73a5b4cb1df/lib-strsim': Permission denied
rm: cannot remove '/tmp/FORGE/target/debug/.fingerprint/strsim-fe43c73a5b4cb1df/dep-lib-strsim': Permission denied
rm: cannot remove '/tmp/FORGE/target/debug/.fingerprint/strsim-fe43c73a5b4cb1df/invoked.timestamp': Permission denied
rm: cannot remove '/tmp/FORGE/target/debug/.fingerprint/strsim-fe43c73a5b4cb1df/lib-strsim.json': Permission denied
rm: cannot remove '/tmp/FORGE/target/debug/.fingerprint/block-buffer-bac7b804c58dddc9/dep-lib-block_buffer': Permission denied
rm: cannot remove '/tmp/FORGE/target/debug/.fingerprint/block-buffer-bac7b804c58dddc9/lib-block_buffer.json': Permission denied
rm: cannot remove '/tmp/FORGE/target/debug/.fingerprint/block-buffer-bac7b804c58dddc9/invoked.timestamp': Permission denied
rm: cannot remove '/tmp/FORGE/target/debug/.fingerprint/block-buffer-bac7b804c58dddc9/lib-block_buffer': Permission denied
rm: cannot remove '/tmp/FORGE/target/debug/.fingerprint/stable_deref_trait-b179b2a75725a5d2/lib-stable_deref_trait.json': Permission denied
rm: cannot remove '/tmp/FORGE/target/debug/.fingerprint/stable_deref_trait-b179b2a75725a5d2/lib-stable_deref_trait': Permission denied
rm: cannot remove '/tmp/FORGE/target/debug/.fingerprint/stable_deref_trait-b179b2a75725a5d2/dep-lib-stable_deref_trait': Permission denied
rm: cannot remove '/tmp/FORGE/target/debug/.fingerprint/stable_deref_trait-b179b2a75725a5d2/invoked.timestamp': Permission denied
rm: cannot remove '/tmp/FORGE/target/debug/.fingerprint/version_check-7f60833497f9b111/dep-lib-version_check': Permission denied
rm: cannot remove '/tmp/FORGE/target/debug/.fingerprint/version_check-7f60833497f9b111/lib-version_check': Permission denied
rm: cannot remove '/tmp/FORGE/target/debug/.fingerprint/version_check-7f60833497f9b111/invoked.timestamp': Permission denied
rm: cannot remove '/tmp/FORGE/target/debug/.fingerprint/version_check-7f60833497f9b111/lib-version_check.json': Permission denied
rm: cannot remove '/tmp/FORGE/target/debug/.fingerprint/md-5-84aa426246b2a390/lib-md5.json': Permission denied
rm: cannot remove '/tmp/FORGE/target/debug/.fingerprint/md-5-84aa426246b2a390/lib-md5': Permission denied
rm: cannot remove '/tmp/FORGE/target/debug/.fingerprint/md-5-84aa426246b2a390/dep-lib-md5': Permission denied
rm: cannot remove '/tmp/FORGE/target/debug/.fingerprint/md-5-84aa426246b2a390/invoked.timestamp': Permission denied
rm: cannot remove '/tmp/FORGE/target/debug/.fingerprint/memchr-7ea91d5b70c51093/lib-memchr': Permission denied
rm: cannot remove '/tmp/FORGE/target/debug/.fingerprint/memchr-7ea91d5b70c51093/dep-lib-memchr': Permission denied
rm: cannot remove '/tmp/FORGE/target/debug/.fingerprint/memchr-7ea91d5b70c51093/lib-memchr.json': Permission denied
rm: cannot remove '/tmp/FORGE/target/debug/.fingerprint/memchr-7ea91d5b70c51093/invoked.timestamp': Permission denied
rm: cannot remove '/tmp/FORGE/target/debug/.fingerprint/clap_builder-d50c52c970bf81e5/dep-lib-clap_builder': Permission denied
rm: cannot remove '/tmp/FORGE/target/debug/.fingerprint/clap_builder-d50c52c970bf81e5/lib-clap_builder.json': Permission denied
rm: cannot remove '/tmp/FORGE/target/debug/.fingerprint/clap_builder-d50c52c970bf81e5/lib-clap_builder': Permission denied
rm: cannot remove '/tmp/FORGE/target/debug/.fingerprint/clap_builder-d50c52c970bf81e5/invoked.timestamp': Permission denied
rm: cannot remove '/tmp/FORGE/target/debug/.fingerprint/unicode-ident-e575fae9723bba62/lib-unicode_ident': Permission denied
rm: cannot remove '/tmp/FORGE/target/debug/.fingerprint/unicode-ident-e575fae9723bba62/lib-unicode_ident.json': Permission denied
rm: cannot remove '/tmp/FORGE/target/debug/.fingerprint/unicode-ident-e575fae9723bba62/invoked.timestamp': Permission denied
rm: cannot remove '/tmp/FORGE/target/debug/.fingerprint/unicode-ident-e575fae9723bba62/dep-lib-unicode_ident': Permission denied
rm: cannot remove '/tmp/FORGE/target/debug/.fingerprint/yoke-b612b5722b71446a/dep-lib-yoke': Permission denied
rm: cannot remove '/tmp/FORGE/target/debug/.fingerprint/yoke-b612b5722b71446a/invoked.timestamp': Permission denied
rm: cannot remove '/tmp/FORGE/target/debug/.fingerprint/yoke-b612b5722b71446a/lib-yoke.json': Permission denied
rm: cannot remove '/tmp/FORGE/target/debug/.fingerprint/yoke-b612b5722b71446a/lib-yoke': Permission denied
rm: cannot remove '/tmp/FORGE/target/debug/.fingerprint/generic-array-a328d87421b93c60/run-build-script-build-script-build': Permission denied
rm: cannot remove '/tmp/FORGE/target/debug/.fingerprint/generic-array-a328d87421b93c60/run-build-script-build-script-build.json': Permission denied
rm: cannot remove '/tmp/FORGE/target/debug/.fingerprint/crc32fast-4e545964d20c7a48/run-build-script-build-script-build': Permission denied
rm: cannot remove '/tmp/FORGE/target/debug/.fingerprint/crc32fast-4e545964d20c7a48/run-build-script-build-script-build.json': Permission denied
rm: cannot remove '/tmp/FORGE/target/debug/.fingerprint/ring-9f77575457acaf90/build-script-build-script-build': Permission denied
rm: cannot remove '/tmp/FORGE/target/debug/.fingerprint/ring-9f77575457acaf90/build-script-build-script-build.json': Permission denied
rm: cannot remove '/tmp/FORGE/target/debug/.fingerprint/ring-9f77575457acaf90/invoked.timestamp': Permission denied
rm: cannot remove '/tmp/FORGE/target/debug/.fingerprint/ring-9f77575457acaf90/dep-build-script-build-script-build': Permission denied
rm: cannot remove '/tmp/FORGE/target/debug/.fingerprint/clap_derive-19262b894daa911c/lib-clap_derive': Permission denied
rm: cannot remove '/tmp/FORGE/target/debug/.fingerprint/clap_derive-19262b894daa911c/invoked.timestamp': Permission denied
rm: cannot remove '/tmp/FORGE/target/debug/.fingerprint/clap_derive-19262b894daa911c/dep-lib-clap_derive': Permission denied
rm: cannot remove '/tmp/FORGE/target/debug/.fingerprint/clap_derive-19262b894daa911c/lib-clap_derive.json': Permission denied
rm: cannot remove '/tmp/FORGE/target/debug/.fingerprint/proc-macro2-b4ba4fba41be9a70/build-script-build-script-build': Permission denied
rm: cannot remove '/tmp/FORGE/target/debug/.fingerprint/proc-macro2-b4ba4fba41be9a70/build-script-build-script-build.json': Permission denied
rm: cannot remove '/tmp/FORGE/target/debug/.fingerprint/proc-macro2-b4ba4fba41be9a70/invoked.timestamp': Permission denied
rm: cannot remove '/tmp/FORGE/target/debug/.fingerprint/proc-macro2-b4ba4fba41be9a70/dep-build-script-build-script-build': Permission denied
rm: cannot remove '/tmp/FORGE/target/debug/.fingerprint/crc32fast-96c0853f31cad54b/build-script-build-script-build': Permission denied
rm: cannot remove '/tmp/FORGE/target/debug/.fingerprint/crc32fast-96c0853f31cad54b/build-script-build-script-build.json': Permission denied
rm: cannot remove '/tmp/FORGE/target/debug/.fingerprint/crc32fast-96c0853f31cad54b/invoked.timestamp': Permission denied
rm: cannot remove '/tmp/FORGE/target/debug/.fingerprint/crc32fast-96c0853f31cad54b/dep-build-script-build-script-build': Permission denied
rm: cannot remove '/tmp/FORGE/target/debug/.fingerprint/crypto-common-00c77bbcbaffc2da/lib-crypto_common.json': Permission denied
rm: cannot remove '/tmp/FORGE/target/debug/.fingerprint/crypto-common-00c77bbcbaffc2da/lib-crypto_common': Permission denied
rm: cannot remove '/tmp/FORGE/target/debug/.fingerprint/crypto-common-00c77bbcbaffc2da/dep-lib-crypto_common': Permission denied
rm: cannot remove '/tmp/FORGE/target/debug/.fingerprint/crypto-common-00c77bbcbaffc2da/invoked.timestamp': Permission denied
rm: cannot remove '/tmp/FORGE/target/debug/.fingerprint/clap_lex-b199fa12fb478eae/dep-lib-clap_lex': Permission denied
rm: cannot remove '/tmp/FORGE/target/debug/.fingerprint/clap_lex-b199fa12fb478eae/lib-clap_lex.json': Permission denied
rm: cannot remove '/tmp/FORGE/target/debug/.fingerprint/clap_lex-b199fa12fb478eae/invoked.timestamp': Permission denied
rm: cannot remove '/tmp/FORGE/target/debug/.fingerprint/clap_lex-b199fa12fb478eae/lib-clap_lex': Permission denied
rm: cannot remove '/tmp/FORGE/target/debug/.fingerprint/proc-macro2-08ee02c953e21a8b/run-build-script-build-script-build': Permission denied
rm: cannot remove '/tmp/FORGE/target/debug/.fingerprint/proc-macro2-08ee02c953e21a8b/run-build-script-build-script-build.json': Permission denied
rm: cannot remove '/tmp/FORGE/target/debug/.fingerprint/anstyle-query-ee9d415ed91af381/dep-lib-anstyle_query': Permission denied
rm: cannot remove '/tmp/FORGE/target/debug/.fingerprint/anstyle-query-ee9d415ed91af381/lib-anstyle_query.json': Permission denied
rm: cannot remove '/tmp/FORGE/target/debug/.fingerprint/anstyle-query-ee9d415ed91af381/lib-anstyle_query': Permission denied
rm: cannot remove '/tmp/FORGE/target/debug/.fingerprint/anstyle-query-ee9d415ed91af381/invoked.timestamp': Permission denied
rm: cannot remove '/tmp/FORGE/target/debug/.fingerprint/base64-d3e939b531184b6d/dep-lib-base64': Permission denied
rm: cannot remove '/tmp/FORGE/target/debug/.fingerprint/base64-d3e939b531184b6d/lib-base64.json': Permission denied
rm: cannot remove '/tmp/FORGE/target/debug/.fingerprint/base64-d3e939b531184b6d/lib-base64': Permission denied
rm: cannot remove '/tmp/FORGE/target/debug/.fingerprint/base64-d3e939b531184b6d/invoked.timestamp': Permission denied
rm: cannot remove '/tmp/FORGE/target/debug/.fingerprint/utf8parse-6502aed76ad5e728/dep-lib-utf8parse': Permission denied
rm: cannot remove '/tmp/FORGE/target/debug/.fingerprint/utf8parse-6502aed76ad5e728/lib-utf8parse.json': Permission denied
rm: cannot remove '/tmp/FORGE/target/debug/.fingerprint/utf8parse-6502aed76ad5e728/lib-utf8parse': Permission denied
rm: cannot remove '/tmp/FORGE/target/debug/.fingerprint/utf8parse-6502aed76ad5e728/invoked.timestamp': Permission denied
rm: cannot remove '/tmp/FORGE/target/debug/.fingerprint/cfg-if-0f1654ad8a27961a/lib-cfg_if.json': Permission denied
rm: cannot remove '/tmp/FORGE/target/debug/.fingerprint/cfg-if-0f1654ad8a27961a/dep-lib-cfg_if': Permission denied
rm: cannot remove '/tmp/FORGE/target/debug/.fingerprint/cfg-if-0f1654ad8a27961a/lib-cfg_if': Permission denied
rm: cannot remove '/tmp/FORGE/target/debug/.fingerprint/cfg-if-0f1654ad8a27961a/invoked.timestamp': Permission denied
rm: cannot remove '/tmp/FORGE/target/debug/.fingerprint/webpki-roots-a50e5d98abf03d2e/lib-webpki_roots.json': Permission denied
rm: cannot remove '/tmp/FORGE/target/debug/.fingerprint/webpki-roots-a50e5d98abf03d2e/dep-lib-webpki_roots': Permission denied
rm: cannot remove '/tmp/FORGE/target/debug/.fingerprint/webpki-roots-a50e5d98abf03d2e/invoked.timestamp': Permission denied
rm: cannot remove '/tmp/FORGE/target/debug/.fingerprint/webpki-roots-a50e5d98abf03d2e/lib-webpki_roots': Permission denied
rm: cannot remove '/tmp/FORGE/target/debug/.fingerprint/zerotrie-c00f21725a0d310a/lib-zerotrie.json': Permission denied
rm: cannot remove '/tmp/FORGE/target/debug/.fingerprint/zerotrie-c00f21725a0d310a/lib-zerotrie': Permission denied
rm: cannot remove '/tmp/FORGE/target/debug/.fingerprint/zerotrie-c00f21725a0d310a/invoked.timestamp': Permission denied
rm: cannot remove '/tmp/FORGE/target/debug/.fingerprint/zerotrie-c00f21725a0d310a/dep-lib-zerotrie': Permission denied
rm: cannot remove '/tmp/FORGE/target/debug/.fingerprint/is_terminal_polyfill-64a0658ea9fa8d74/lib-is_terminal_polyfill': Permission denied
rm: cannot remove '/tmp/FORGE/target/debug/.fingerprint/is_terminal_polyfill-64a0658ea9fa8d74/dep-lib-is_terminal_polyfill': Permission denied
rm: cannot remove '/tmp/FORGE/target/debug/.fingerprint/is_terminal_polyfill-64a0658ea9fa8d74/invoked.timestamp': Permission denied
rm: cannot remove '/tmp/FORGE/target/debug/.fingerprint/is_terminal_polyfill-64a0658ea9fa8d74/lib-is_terminal_polyfill.json': Permission denied
rm: cannot remove '/tmp/FORGE/target/debug/.fingerprint/anstream-57a2aae843ec15f4/dep-lib-anstream': Permission denied
rm: cannot remove '/tmp/FORGE/target/debug/.fingerprint/anstream-57a2aae843ec15f4/lib-anstream': Permission denied
rm: cannot remove '/tmp/FORGE/target/debug/.fingerprint/anstream-57a2aae843ec15f4/invoked.timestamp': Permission denied
rm: cannot remove '/tmp/FORGE/target/debug/.fingerprint/anstream-57a2aae843ec15f4/lib-anstream.json': Permission denied
rm: cannot remove '/tmp/FORGE/target/debug/.fingerprint/rustls-webpki-82314e5d90fd7e1c/lib-webpki': Permission denied
rm: cannot remove '/tmp/FORGE/target/debug/.fingerprint/rustls-webpki-82314e5d90fd7e1c/lib-webpki.json': Permission denied
rm: cannot remove '/tmp/FORGE/target/debug/.fingerprint/rustls-webpki-82314e5d90fd7e1c/dep-lib-webpki': Permission denied
rm: cannot remove '/tmp/FORGE/target/debug/.fingerprint/rustls-webpki-82314e5d90fd7e1c/invoked.timestamp': Permission denied
rm: cannot remove '/tmp/FORGE/target/debug/.fingerprint/quote-b78735a199d49e24/build-script-build-script-build': Permission denied
rm: cannot remove '/tmp/FORGE/target/debug/.fingerprint/quote-b78735a199d49e24/build-script-build-script-build.json': Permission denied
rm: cannot remove '/tmp/FORGE/target/debug/.fingerprint/quote-b78735a199d49e24/invoked.timestamp': Permission denied
rm: cannot remove '/tmp/FORGE/target/debug/.fingerprint/quote-b78735a199d49e24/dep-build-script-build-script-build': Permission denied
rm: cannot remove '/tmp/FORGE/target/debug/.fingerprint/untrusted-0734013cf5cc7a79/lib-untrusted': Permission denied
rm: cannot remove '/tmp/FORGE/target/debug/.fingerprint/untrusted-0734013cf5cc7a79/dep-lib-untrusted': Permission denied
rm: cannot remove '/tmp/FORGE/target/debug/.fingerprint/untrusted-0734013cf5cc7a79/lib-untrusted.json': Permission denied
rm: cannot remove '/tmp/FORGE/target/debug/.fingerprint/untrusted-0734013cf5cc7a79/invoked.timestamp': Permission denied
rm: cannot remove '/tmp/FORGE/target/debug/.fingerprint/libc-9b6b2da90e7dbb78/run-build-script-build-script-build': Permission denied
rm: cannot remove '/tmp/FORGE/target/debug/.fingerprint/libc-9b6b2da90e7dbb78/run-build-script-build-script-build.json': Permission denied
rm: cannot remove '/tmp/FORGE/target/debug/.fingerprint/regex-af26200ef0f30808/lib-regex': Permission denied
rm: cannot remove '/tmp/FORGE/target/debug/.fingerprint/regex-af26200ef0f30808/dep-lib-regex': Permission denied
rm: cannot remove '/tmp/FORGE/target/debug/.fingerprint/regex-af26200ef0f30808/lib-regex.json': Permission denied
rm: cannot remove '/tmp/FORGE/target/debug/.fingerprint/regex-af26200ef0f30808/invoked.timestamp': Permission denied
rm: cannot remove '/tmp/FORGE/target/debug/.fingerprint/proc-macro2-51c8a0fdcae833df/lib-proc_macro2.json': Permission denied
rm: cannot remove '/tmp/FORGE/target/debug/.fingerprint/proc-macro2-51c8a0fdcae833df/lib-proc_macro2': Permission denied
rm: cannot remove '/tmp/FORGE/target/debug/.fingerprint/proc-macro2-51c8a0fdcae833df/dep-lib-proc_macro2': Permission denied
rm: cannot remove '/tmp/FORGE/target/debug/.fingerprint/proc-macro2-51c8a0fdcae833df/invoked.timestamp': Permission denied
rm: cannot remove '/tmp/FORGE/target/debug/.fingerprint/icu_properties_data-bfb3f8779a8e8611/lib-icu_properties_data': Permission denied
rm: cannot remove '/tmp/FORGE/target/debug/.fingerprint/icu_properties_data-bfb3f8779a8e8611/dep-lib-icu_properties_data': Permission denied
rm: cannot remove '/tmp/FORGE/target/debug/.fingerprint/icu_properties_data-bfb3f8779a8e8611/invoked.timestamp': Permission denied
rm: cannot remove '/tmp/FORGE/target/debug/.fingerprint/icu_properties_data-bfb3f8779a8e8611/lib-icu_properties_data.json': Permission denied
rm: cannot remove '/tmp/FORGE/target/debug/.fingerprint/heck-29ba753d8eb09f10/lib-heck.json': Permission denied
rm: cannot remove '/tmp/FORGE/target/debug/.fingerprint/heck-29ba753d8eb09f10/dep-lib-heck': Permission denied
rm: cannot remove '/tmp/FORGE/target/debug/.fingerprint/heck-29ba753d8eb09f10/invoked.timestamp': Permission denied
rm: cannot remove '/tmp/FORGE/target/debug/.fingerprint/heck-29ba753d8eb09f10/lib-heck': Permission denied
rm: cannot remove '/tmp/FORGE/target/debug/.fingerprint/rustls-4943dd586963b77b/run-build-script-build-script-build': Permission denied
rm: cannot remove '/tmp/FORGE/target/debug/.fingerprint/rustls-4943dd586963b77b/run-build-script-build-script-build.json': Permission denied
rm: cannot remove '/tmp/FORGE/target/debug/.fingerprint/shlex-700b3836f39d9d7c/lib-shlex.json': Permission denied
rm: cannot remove '/tmp/FORGE/target/debug/.fingerprint/shlex-700b3836f39d9d7c/lib-shlex': Permission denied
rm: cannot remove '/tmp/FORGE/target/debug/.fingerprint/shlex-700b3836f39d9d7c/dep-lib-shlex': Permission denied
rm: cannot remove '/tmp/FORGE/target/debug/.fingerprint/shlex-700b3836f39d9d7c/invoked.timestamp': Permission denied
rm: cannot remove '/tmp/FORGE/target/debug/.fingerprint/percent-encoding-68cde1227eb1fcf0/lib-percent_encoding': Permission denied
rm: cannot remove '/tmp/FORGE/target/debug/.fingerprint/percent-encoding-68cde1227eb1fcf0/dep-lib-percent_encoding': Permission denied
rm: cannot remove '/tmp/FORGE/target/debug/.fingerprint/percent-encoding-68cde1227eb1fcf0/invoked.timestamp': Permission denied
rm: cannot remove '/tmp/FORGE/target/debug/.fingerprint/percent-encoding-68cde1227eb1fcf0/lib-percent_encoding.json': Permission denied
rm: cannot remove '/tmp/FORGE/target/debug/.fingerprint/icu_collections-9b72fbb20b152eb1/lib-icu_collections.json': Permission denied
rm: cannot remove '/tmp/FORGE/target/debug/.fingerprint/icu_collections-9b72fbb20b152eb1/lib-icu_collections': Permission denied
rm: cannot remove '/tmp/FORGE/target/debug/.fingerprint/icu_collections-9b72fbb20b152eb1/dep-lib-icu_collections': Permission denied
rm: cannot remove '/tmp/FORGE/target/debug/.fingerprint/icu_collections-9b72fbb20b152eb1/invoked.timestamp': Permission denied
rm: cannot remove '/tmp/FORGE/target/debug/.fingerprint/rustls-e87bdccd3c89e0ce/build-script-build-script-build': Permission denied
rm: cannot remove '/tmp/FORGE/target/debug/.fingerprint/rustls-e87bdccd3c89e0ce/build-script-build-script-build.json': Permission denied
rm: cannot remove '/tmp/FORGE/target/debug/.fingerprint/rustls-e87bdccd3c89e0ce/invoked.timestamp': Permission denied
rm: cannot remove '/tmp/FORGE/target/debug/.fingerprint/rustls-e87bdccd3c89e0ce/dep-build-script-build-script-build': Permission denied
rm: cannot remove '/tmp/FORGE/target/debug/.fingerprint/yoke-derive-135683d5e55cb6d7/dep-lib-yoke_derive': Permission denied
rm: cannot remove '/tmp/FORGE/target/debug/.fingerprint/yoke-derive-135683d5e55cb6d7/lib-yoke_derive': Permission denied
rm: cannot remove '/tmp/FORGE/target/debug/.fingerprint/yoke-derive-135683d5e55cb6d7/invoked.timestamp': Permission denied
rm: cannot remove '/tmp/FORGE/target/debug/.fingerprint/yoke-derive-135683d5e55cb6d7/lib-yoke_derive.json': Permission denied
rm: cannot remove '/tmp/FORGE/target/debug/.fingerprint/webpki-roots-eb1532ec36a0d287/lib-webpki_roots.json': Permission denied
rm: cannot remove '/tmp/FORGE/target/debug/.fingerprint/webpki-roots-eb1532ec36a0d287/dep-lib-webpki_roots': Permission denied
rm: cannot remove '/tmp/FORGE/target/debug/.fingerprint/webpki-roots-eb1532ec36a0d287/invoked.timestamp': Permission denied
rm: cannot remove '/tmp/FORGE/target/debug/.fingerprint/webpki-roots-eb1532ec36a0d287/lib-webpki_roots': Permission denied
rm: cannot remove '/tmp/FORGE/target/debug/.fingerprint/ring-8a49001fb63cf758/lib-ring': Permission denied
rm: cannot remove '/tmp/FORGE/target/debug/.fingerprint/ring-8a49001fb63cf758/lib-ring.json': Permission denied
rm: cannot remove '/tmp/FORGE/target/debug/.fingerprint/ring-8a49001fb63cf758/invoked.timestamp': Permission denied
rm: cannot remove '/tmp/FORGE/target/debug/.fingerprint/ring-8a49001fb63cf758/dep-lib-ring': Permission denied
rm: cannot remove '/tmp/FORGE/target/CACHEDIR.TAG': Permission denied
rm: cannot remove '/tmp/FORGE/examples/README.credentials': Permission denied
rm: cannot remove '/tmp/FORGE/examples/etc-slacker/stable/x86_64/blacklist': Permission denied
rm: cannot remove '/tmp/FORGE/examples/etc-slacker/stable/x86_64/mirrors': Permission denied
rm: cannot remove '/tmp/FORGE/examples/etc-slacker/stable/x86_64/slacker.conf': Permission denied
rm: cannot remove '/tmp/FORGE/examples/etc-slacker/stable/x86_64/distro-upgrade.conf': Permission denied
rm: cannot remove '/tmp/FORGE/examples/etc-slacker/stable/x86_64/repos': Permission denied
rm: cannot remove '/tmp/FORGE/examples/etc-slacker/stable/i686/blacklist': Permission denied
rm: cannot remove '/tmp/FORGE/examples/etc-slacker/stable/i686/mirrors': Permission denied
rm: cannot remove '/tmp/FORGE/examples/etc-slacker/stable/i686/slacker.conf': Permission denied
rm: cannot remove '/tmp/FORGE/examples/etc-slacker/stable/i686/distro-upgrade.conf': Permission denied
rm: cannot remove '/tmp/FORGE/examples/etc-slacker/stable/i686/repos': Permission denied
rm: cannot remove '/tmp/FORGE/examples/etc-slacker/current/x86_64/blacklist': Permission denied
rm: cannot remove '/tmp/FORGE/examples/etc-slacker/current/x86_64/mirrors': Permission denied
rm: cannot remove '/tmp/FORGE/examples/etc-slacker/current/x86_64/slacker.conf': Permission denied
rm: cannot remove '/tmp/FORGE/examples/etc-slacker/current/x86_64/distro-upgrade.conf': Permission denied
rm: cannot remove '/tmp/FORGE/examples/etc-slacker/current/x86_64/repos': Permission denied
rm: cannot remove '/tmp/FORGE/examples/etc-slacker/current/i686/blacklist': Permission denied
rm: cannot remove '/tmp/FORGE/examples/etc-slacker/current/i686/mirrors': Permission denied
rm: cannot remove '/tmp/FORGE/examples/etc-slacker/current/i686/slacker.conf': Permission denied
rm: cannot remove '/tmp/FORGE/examples/etc-slacker/current/i686/distro-upgrade.conf': Permission denied
rm: cannot remove '/tmp/FORGE/examples/etc-slacker/current/i686/repos': Permission denied
rm: cannot remove '/tmp/FORGE/README.md': Permission denied
rm: cannot remove '/tmp/FORGE/Cargo.toml': Permission denied
rm: cannot remove '/tmp/FORGE/x86_64_release_build-20260706-135005.log': Permission denied
rm: cannot remove '/tmp/FORGE/man/slacker.8': Permission denied
rm: cannot remove '/tmp/FORGE/slacker.SlackBuild': Permission denied
rm: cannot remove '/tmp/FORGE/slacker-banner.svg': Permission denied
rm: cannot remove '/tmp/FORGE/Cargo.lock': Permission denied
rm: cannot remove '/tmp/FORGE/x86_64_release_build-20260706-140845.log': Permission denied
